Time (s),Volume (m^3),Ar,He,Ne,N2,ethane(1),CH3(4),C2H5(5),C(3),H(6),C2H4(8),H2(12),C3H7(14),C2H3(13)
4.479600451362421e-19,0.11224537200000001,0.0,0.0,0.0,0.0,0.99999999999999978,1.8027569361718442e-16,5.8064224711555629e-19,1.3254125584745098e-29,5.8064224711571248e-19,9.5800261806421095e-30,2.8749023608667057e-30,1.2366330835449553e-57,1.2780364336098818e-49
1.2542881263814778e-18,0.11224537200000002,0.0,0.0,0.0,0.0,0.99999999999999956,5.0477194212807334e-16,1.6257982919447762e-18,8.0054918531855355e-29,1.6257982919457189e-18,5.7863358131708513e-29,1.7364410259828508e-29,3.888172274927724e-56,1.5172848574747508e-48
2.8669442888719494e-18,0.11224537200000008,0.0,0.0,0.0,0.0,0.99999999999999878,1.1537644391496786e-15,3.7161103816880883e-18,3.8542997200431149e-28,3.7161103816926281e-18,2.7858716134252498e-28,8.3602160656907839e-29,8.6742984521790311e-55,1.4896792774573019e-47
6.0922566138528925e-18,0.11224537200000015,0.0,0.0,0.0,0.0,0.99999999999999745,2.4517494331922004e-15,7.8967345615142069e-18,1.6832739492618424e-27,7.8967345615340332e-18,1.2166633250392232e-27,3.6511259986008042e-28,1.6246000978448042e-53,1.3176044632085819e-46
1.2542881263814779e-17,0.11224537200000027,0.0,0.0,0.0,0.0,0.999999999999995,5.0477194212744868e-15,1.6257982922524419e-17,7.0273373850247845e-27,1.6257982922607194e-17,5.0793298818555252e-27,1.5242732320016079e-27,2.8060926528546029e-52,1.1075259637496231e-45
2.544413056373855e-17,0.11224537200000059,0.0,0.0,0.0,0.0,0.99999999999998967,1.0239659397428033e-14,3.2980479649976729e-17,2.8708966181521431e-26,3.2980479650314904e-17,2.0750719915760895e-26,6.2271535120184043e-27,4.6623648892480479e-51,9.0801673308145668e-45
5.1246629163586095e-17,0.11224537200000115,0.0,0.0,0.0,0.0,0.99999999999997935,2.0623539349691016e-14,6.6425473126608947e-17,1.1604623147423173e-25,6.6425473127975895e-17,8.3877727685311948e-26,2.5171150141331055e-26,7.6008314174399096e-50,7.353355476003386e-44
1.0285162636328118e-16,0.11224537200000236,0.0,0.0,0.0,0.0,0.99999999999995826,4.1391299254040532e-14,1.3331546016678365e-16,4.6661679285719159e-25,1.3331546017228002e-16,3.3726865419656899e-25,1.012120877278253e-25,1.2275362808895091e-48,5.918621103586468e-43
2.0606162076267136e-16,0.11224537200000466,0.0,0.0,0.0,0.0,0.99999999999991673,8.2926819062033855e-14,2.6709543459477445e-16,1.8713420388026422e-24,2.6709543461681725e-16,1.3525981524292526e-24,4.0590574061831204e-25,1.9732286450079879e-47,4.7493221206709285e-42
4.124816095614517e-16,0.11224537200000935,0.0,0.0,0.0,0.0,0.99999999999983313,1.6599785867519745e-13,5.3465538484132116e-16,7.4951290233266419e-24,5.3465538492960732e-16,5.4174477403076964e-24,1.6257401605174544e-24,3.1645214003958981e-46,3.8052394034603798e-41
8.253215871590124e-16,0.11224537200001877,0.0,0.0,0.0,0.0,0.9999999999996656,3.3213993789023245e-13,1.0697752908966742e-15,3.0000048962226838e-23,1.0697752912500488e-15,2.168390936629606e-23,6.5071974827738232e-24,5.0691258367853519e-45,3.0465089321230186e-40
1.6510015423541338e-15,0.11224537200003754,0.0,0.0,0.0,0.0,0.9999999999993312,6.6442409627513427e-13,2.1400151252564209e-15,1.2003927271399459e-22,2.1400151266703815e-15,8.6763883095832133e-23,2.6037266265002228e-23,8.1153158553179252e-44,2.4381389016089327e-39
3.302361452744377e-15,0.11224537200007506,0.0,0.0,0.0,0.0,0.99999999999866263,1.3289924128642652e-12,4.2804948829720715e-15,4.8023525566986806e-22,4.2804948886288479e-15,3.4711203787820887e-22,1.0416602204338832e-22,1.2988272296559094e-42,1.9508909370570823e-38
6.605081273524863e-15,0.11224537200015017,0.0,0.0,0.0,0.0,0.99999999999732458,2.6581290453198331e-12,8.5614547543879649e-15,1.9210973630427124e-21,8.5614547770170016e-15,1.3885612200407132e-21,4.1669801976041071e-22,2.0784230762650036e-41,1.5608759465917814e-37
1.3210520915085834e-14,0.11224537200030028,0.0,0.0,0.0,0.0,0.9999999999946495,5.3164023073402012e-12,1.7123375921157911e-14,7.6847021408467682e-21,1.7123376011678475e-14,5.554471421192937e-21,1.6668600662717454e-21,3.325710485228043e-40,1.2487840469135788e-36
2.6421400198207777e-14,0.11224537200060059,0.0,0.0,0.0,0.0,0.99999999998929867,1.0632948819817852e-11,3.4247223950448422e-14,3.0739433926400139e-20,3.424722431254394e-14,2.2218341942294966e-20,6.6675772150941433e-21,5.3213042313749735e-39,9.9908936634273545e-36
5.284315876445166e-14,0.11224537200120117,0.0,0.0,0.0,0.0,0.99999999997859723,2.1266041798520827e-11,6.84949427920164e-14,1.2295898623898227e-19,6.8494944240460316e-14,8.8874305631583941e-20,2.6670590547866926e-20,8.5141586473517192e-38,7.9934244447224388e-35
1.0568667589693943e-13,0.1122453720024024,0.0,0.0,0.0,0.0,0.9999999999571938,4.2532227570917429e-11,1.3699047160697563e-13,4.9183844440360303e-19,1.3699047740115744e-13,3.5549930097341579e-19,1.066829878494285e-19,1.3622512657573012e-36,6.3957609585460357e-34
2.11373710161915e-13,0.11224537200480482,0.0,0.0,0.0,0.0,0.99999999991438748,8.5064598375673154e-11,2.7398189376319156e-13,1.9673587634791116e-18,2.7398191694299104e-13,1.422002982505535e-18,4.2673370096179577e-19,2.179527150788803e-35,5.1181974862724102e-33
4.227477786918661e-13,0.11224537200960964,0.0,0.0,0.0,0.0,0.99999999982877474,1.7012933702503391e-10,5.479661961728454e-13,7.8694449213227807e-18,5.4796628891626772e-13,5.6880364608650835e-18,1.7069422889632889e-18,3.4869801285853696e-34,4.0970817400794411e-32
8.454959157517682e-13,0.11224537201921926,0.0,0.0,0.0,0.0,0.99999999965754915,3.4025880248314548e-10,1.0959406333173043e-12,3.1477798585442084e-17,1.0959410044840761e-12,2.2752298692984932e-17,6.8278160142850899e-18,5.5783068071638404e-33,3.2816961459931799e-31
1e-12,0.11224537203843851,0.0,0.0,0.0,0.0,0.99999999959497043,4.0243694427670918e-10,1.2962161245349509e-12,4.8734350259350538e-17,1.2962166994622609e-12,3.5225617690217033e-17,1.0570978905347482e-17,2.0863752589678329e-32,7.4913044925856365e-31
1.6909921898715726e-12,0.11224537203843851,0.0,0.0,0.0,0.0,0.9999999993150982,6.8051768603687304e-10,2.1919128363969519e-12,1.2591122546471072e-16,2.1919143226072312e-12,9.1010330756706356e-17,2.7311612884594127e-17,8.922520532412439e-32,2.6318033271755761e-30
2.536488463991377e-12,0.11224537205765779,0.0,0.0,0.0,0.0,0.99999999897264713,1.0207765221988982e-09,3.2879083676636254e-12,2.6756136628206217e-16,3.2879115281263464e-12,1.9339859689866908e-16,5.8037682396927928e-17,3.4012223469278715e-31,7.5375923890263444e-30
4.227481012230986e-12,0.11224537209609636,0.0,0.0,0.0,0.0,0.99999999828774455,1.701294005072212e-09,5.4799927392418747e-12,7.3972845696023235e-16,5.4800014931433789e-12,5.3470187712093749e-16,1.604606978885042e-16,2.7954662707436853e-30,3.4818134421650844e-29
5.749374305646634e-12,0.11224537213069105,0.0,0.0,0.0,0.0,0.99999999767133219,2.3137595865115677e-09,7.452944041322435e-12,1.3172371488244484e-15,7.4529596484906425e-12,9.5215933346053676e-16,2.8573717494390839e-16,8.151269403399403e-30,7.8643888734210382e-29
7.271267599062282e-12,0.11224537216528582,0.0,0.0,0.0,0.0,0.99999999705491893,2.926225005892164e-09,9.4259751151246806e-12,2.0562256497873727e-15,9.4259995081566658e-12,1.4863557340282351e-15,4.4604639314267046e-16,1.8646556696439437e-29,1.4911091873063068e-28
8.79316089247793e-12,0.11224537219988052,0.0,0.0,0.0,0.0,0.99999999643850568,3.5386902721696998e-09,1.1399081538799523e-11,2.9477489141446429e-15,1.1399116549006441e-11,2.1308285819122681e-15,6.3944902138175826e-16,3.6866346835826519e-29,2.5005778685310754e-28
1e-11,0.11224537226907007,0.0,0.0,0.0,0.0,0.99999999594969891,4.0243661815942539e-09,1.296376677179634e-11,3.7371439420586997e-15,1.2963811194859548e-11,2.70148260620864e-15,8.1069910357709067e-16,5.8371712737851437e-29,3.5034884574291717e-28
1.1836947479309226e-11,0.11224537226907007,0.0,0.0,0.0,0.0,0.99999999520567862,4.7636204553026615e-09,1.5345466210881474e-11,5.0786480840791841e-15,1.5345526648366229e-11,3.6712696533118829e-15,1.1017268688980049e-15,1.0308768387150772e-28,5.3737075703694593e-28
1.4880734066140523e-11,0.1122453723382596,0.0,0.0,0.0,0.0,0.99999999397285055,5.9885500723852275e-09,1.9292129381896535e-11,7.7733775715445429e-15,1.929222206455149e-11,5.6193722767047237e-15,1.6863421634573871e-15,2.3075639879072122e-28,9.8341599741417218e-28
1.792452065297182e-11,0.11224537240744921,0.0,0.0,0.0,0.0,0.99999999274002116,7.2134790851228212e-09,2.3239089922003754e-11,1.1070180483398957e-14,2.3239222170100926e-11,8.0028158817871487e-15,2.4016015915076796e-15,4.5577880981407746e-28,1.6374856287128609e-27
2.401209382663441e-11,0.11224537254582861,0.0,0.0,0.0,0.0,0.99999999027435849,9.6633352635742841e-09,3.1133919737155936e-11,1.9503931492113897e-14,3.1134153745732118e-11,1.4100441161353249e-14,4.2314711272128384e-15,1.452895056501891e-27,3.8354369915478214e-27
3.0099667000297e-11,0.11224537268420814,0.0,0.0,0.0,0.0,0.99999998780869181,1.2113188986967288e-08,3.9029957298377044e-11,3.0383559398897812e-14,3.9030323390817848e-11,2.1967028279208052e-14,6.5922023593733743e-15,3.5009983081595977e-27,7.4711677169412922e-27
4.2274813347622187e-11,0.11224537296096787,0.0,0.0,0.0,0.0,0.99999998287734337,1.7012889063543637e-08,5.4825657088410292e-11,5.948531526486887e-14,5.4826380325384009e-11,4.30120153900198e-14,1.2907739270775362e-14,1.3926428983152435e-26,2.1177277611867635e-26
6.662510604227256e-11,0.11224537351448965,0.0,0.0,0.0,0.0,0.99999997301458998,2.6812259733822767e-08,8.6431549581095791e-11,1.4705984235469756e-13,8.6433371519935677e-11,1.0635900175259842e-13,3.1918111155536799e-14,9.0968925492364705e-26,8.9509245150053218e-26
9.999999999999999e-11,0.11224537462154283,0.0,0.0,0.0,0.0,0.99999995949642162,4.0243367351623797e-08,1.2978245000956973e-10,3.3071463975197495e-13,1.2978666517002202e-10,2.3927000182553223e-13,7.1805101724480443e-14,5.3116775949687902e-25,3.5021257798923435e-25
1.153256914315733e-10,0.11224537462154283,0.0,0.0,0.0,0.0,0.99999995328885538,4.6410883130629471e-08,1.4970125768168632e-10,4.3969697648623152e-13,1.4970691556179463e-10,3.1815683930241623e-13,9.5479411006824971e-14,8.6293434955701926e-25,5.3464228090441435e-25
1.6402627682087403e-10,0.11224537572860865,0.0,0.0,0.0,0.0,0.99999993356281702,6.6009349258874538e-08,2.1304813072278982e-10,8.8898439455235674e-13,2.130599402669552e-10,6.4352094246252388e-13,1.9312397310936179e-13,3.2466697394161635e-24,1.6220840685548947e-24
2.1272686221017476e-10,0.1122453768356873,0.0,0.0,0.0,0.0,0.99999991383647469,8.5607658104013699e-08,2.7647207689409452e-10,1.4949216658683469e-12,2.7649253664541022e-10,1.0825833847350833e-12,3.248926761572983e-13,8.6430400422718393e-24,3.7226049784645978e-24
2.614274475994755e-10,0.11224537794277868,0.0,0.0,0.0,0.0,0.9999998941098287,1.0520580965142533e-07,3.3997300128162836e-10,2.2575079329930137e-12,3.4000479837093276e-10,1.6354802446752873e-12,4.9082773355647009e-13,1.8916517931489336e-23,7.2876078034352202e-24
3.5882861837807697e-10,0.1122453801569998,0.0,0.0,0.0,0.0,0.99999985465562413,1.4440164079946738e-07,4.672054336136451e-10,4.2526236603529196e-12,4.6726866373740819e-10,3.0832804503422492e-12,9.2535355837904205e-13,6.3437372544126297e-23,2.0895987026167632e-23
4.5622978915667844e-10,0.11224538237127217,0.0,0.0,0.0,0.0,0.9999998152002012,1.835968425870457e-07,5.9474466944848774e-10,6.8743233917929023e-12,5.9485228336952321e-10,4.9880092134718397e-12,1.4970405572880912e-12,1.5925989237768995e-22,4.7361198131985984e-23
5.5363095993528e-10,0.11224538458559585,0.0,0.0,0.0,0.0,0.99999977574355914,2.227914148922447e-07,7.2258991372520695e-10,1.012259835658183e-11,7.227564403016508e-10,7.3508089382807386e-12,2.2062464722435214e-12,3.3601594446137277e-22,9.2965810274987102e-23
6.510321307138814e-10,0.11224538679997097,0.0,0.0,0.0,0.0,0.99999973628569683,2.6198535759432826e-07,8.5074038232628152e-10,1.3997439712012064e-11,8.509819065663245e-10,1.0172808960221934e-11,3.0533269850730603e-12,6.3042382137777939e-22,1.6537273016604631e-22
8.458344722710844e-10,0.11224539122887611,0.0,0.0,0.0,0.0,0.9999996573663047,3.4037135372600571e-07,1.1079540138623043e-09,2.3626787594709402e-11,1.1083996991920703e-09,1.7198719817908183e-11,5.1624833580755215e-12,1.7594033084605286e-21,4.303299975488276e-22
9.999999999999999e-10,0.11224539521506788,0.0,0.0,0.0,0.0,0.99999959490644974,4.0240382429299394e-07,1.3123708485262933e-09,3.3023899016521784e-11,1.3130357906175374e-09,2.4069814654416894e-11,7.2253941051074559e-12,3.3744549048679127e-21,7.9918599794814873e-22
1.021156579672567e-09,0.11224539521506788,0.0,0.0,0.0,0.0,0.99999958633466435,4.1091659583003539e-07,1.3404826214596553e-09,3.4435972048520186e-11,1.3411820010059299e-09,2.5103401920176029e-11,7.5357261277317798e-12,3.6579093700562324e-21,8.6338731918038868e-22
1.1964786870740497e-09,0.11224539920142812,0.0,0.0,0.0,0.0,0.9999995152990494,4.8145979620112112e-07,1.5739885160498431e-09,4.72750988534835e-11,1.5750168027042917e-09,3.4512772179735215e-11,1.0361079434847332e-11,6.7403559158580418e-21,1.5584846306033478e-21
1.3718007944755324e-09,0.11224540318795755,0.0,0.0,0.0,0.0,0.99999944425945198,5.5200095415583165e-07,1.808467386533156e-09,6.2144118313977899e-11,1.8099083469116222e-09,4.5433124413685211e-11,1.3640585082755476e-11,1.1386770827766856e-20,2.6035782157591385e-21
1.5471229018770151e-09,0.11224540717465675,0.0,0.0,0.0,0.0,0.99999937321586507,6.2254006901062026e-07,2.0439149576455371e-09,7.9042980759757787e-11,2.0458608403093712e-09,5.7870725376929346e-11,1.737629368930118e-11,1.8017338471290203e-20,4.1000076512337614e-21
1.7224450092784978e-09,0.11224541116152652,0.0,0.0,0.0,0.0,0.9999993021682807,6.9307714008175695e-07,2.2803269889091293e-09,9.7971636543330612e-11,2.2828784546816725e-09,7.1831815841829471e-11,2.1570264720223975e-11,2.7087334393994359e-20,6.1624573446058969e-21
2.073089224081463e-09,0.11224541913578012,0.0,0.0,0.0,0.0,0.99999916006108969,8.341451481379846e-07,2.7560276336883698e-09,1.4191812971466485e-10,2.7601255693507385e-09,1.0434930304088831e-10,3.1341270425634587e-11,5.450271625098702e-20,1.2506555532953771e-20
2.4237334388844285e-09,0.11224542711072347,0.0,0.0,0.0,0.0,0.99999901793782009,9.7520497285395112e-07,3.2355360842334418e-09,1.9398320140822236e-10,3.2416823762099484e-09,1.4303498612983416e-10,4.297023956952603e-11,9.7831092884839428e-20,2.2816411886823527e-20
2.774377653687394e-09,0.11224543508636178,0.0,0.0,0.0,0.0,0.9999988757984124,1.1162566087591068e-06,3.7188196798250054e-09,2.5416645591833265e-10,3.7275809831862975e-09,1.8793782152205819e-10,5.6473942101644064e-11,1.6165200457462777e-19,3.8497011538254203e-20
3.4756660832933247e-09,0.11224545103974366,0.0,0.0,0.0,0.0,0.99999859147094594,1.3983352922586463e-06,4.6965842664477938e-09,3.9888593438487054e-10,4.7125294196966803e-09,2.9658875190739068e-10,8.9173208599638792e-11,3.701343397061779e-19,9.266021855983676e-20
4.07006781177803e-09,0.11224546456381734,0.0,0.0,0.0,0.0,0.99999835042810226,1.637395326776599e-06,5.5368599476045332e-09,5.469703725730423e-10,5.5612373484864155e-09,4.0858853869028884e-10,1.2291465287779204e-10,6.5677996091832216e-19,1.7212258804282283e-19
4.6644695402627355e-09,0.11224547808995579,0.0,0.0,0.0,0.0,0.99999810933809474,1.8764317561104062e-06,6.3875636466142138e-09,7.1837793544211404e-10,6.4228346271744333e-09,5.3909867631883952e-10,1.6227421983186864e-10,1.0724688013045421e-18,2.9448390500404352e-19
5.258871268747441e-09,0.1122454916181829,0.0,0.0,0.0,0.0,0.99999786820064285,2.1154445536209008e-06,7.2485514710704254e-09,9.1310671737948782e-10,7.2974624151031939e-09,6.8834588372469851e-10,2.0733705537311917e-10,1.6448408057387825e-18,4.7313772809748619e-19
5.853272997232147e-09,0.11224550514852204,0.0,0.0,0.0,0.0,0.9999976270154679,2.3544336926709565e-06,8.1196835315701927e-09,1.131154819190015e-09,8.1852578569635791e-09,8.5655378416353657e-10,2.5818921535923516e-10,2.4023036088315626e-18,7.233950654182314e-19
6.447674725716852e-09,0.11224551868099644,0.0,0.0,0.0,0.0,0.99999738578229436,2.5933991466252591e-06,9.0008238489476657e-09,1.3725203481993439e-09,9.0863541754053775e-09,1.0439429771682395e-09,3.1491764480744744e-10,3.3739559603127755e-18,1.0625192971395915e-18
7.042076454201558e-09,0.11224553221562873,0.0,0.0,0.0,0.0,0.99999714450084765,2.832340888850195e-06,9.8918402390964589e-09,1.6372014183569565e-09,1.000088078611122e-08,1.2507311271472716e-09,3.7761015131555844e-10,4.5895099141961492e-18,1.5097571325448583e-18
7.636478182686263e-09,0.1122455457524415,0.0,0.0,0.0,0.0,0.99999690317085499,3.0712588927137414e-06,1.0792604224771577e-08,1.9251961503149208e-09,1.0928963385906812e-08,1.4771330313381014e-09,4.4635538482181032e-10,6.0792393864905516e-18,2.0863639055700962e-18
8.230879911170967e-09,0.11224555929145681,0.0,0.0,0.0,0.0,0.99999666179204694,3.3101531315853629e-06,1.170299089534113e-08,2.2365026715543079e-09,1.1870724092885428e-08,1.7233607275956559e-09,5.2124280514372867e-10,7.8739108335866907e-18,2.8156429922067041e-18
8.825281639655672e-09,0.11224557283269652,0.0,0.0,0.0,0.0,0.99999642036415548,3.5490235788359652e-06,1.2622878824322747e-08,2.5711191164624384e-09,1.2826281528798234e-08,1.9896235576926237e-09,6.0236266281287124e-10,1.0004754490244619e-17,3.7229702777709966e-18
9.419683368140377e-09,0.1122455863761822,0.0,0.0,0.0,0.0,0.99999617888691361,3.7878702078378204e-06,1.3552149958981282e-08,2.9290436264360426e-09,1.3795750929357781e-08,2.2761282520833991e-09,6.898059734343121e-10,1.250344258061056e-17,4.8358276162855806e-18
9.999999999999999e-09,0.11224559992193515,0.0,0.0,0.0,0.0,0.99999594308391493,4.021034061716677e-06,1.4468343320088458e-08,3.3009710308326457e-09,1.4755776048225761e-08,2.5755673502573309e-09,7.8136549532426871e-10,1.5328523035056066e-17,6.1489249734631943e-18
1.0014085096625082e-08,0.11224559992193515,0.0,0.0,0.0,0.0,0.99999593736005654,4.0266929919645219e-06,1.4490689552035544e-08,3.310274349944888e-09,1.4779244212465514e-08,2.5830789823851419e-09,7.8366450187553655e-10,1.54020835008463e-17,6.1838252329508945e-18
1.0608486825109787e-08,0.11224561346997639,0.0,0.0,0.0,0.0,0.99999569578332148,4.265491904590899e-06,1.5438386051597812e-08,3.7148094426313446e-09,1.5776870088170953e-08,2.9106774459803763e-09,8.8403073680944701e-10,1.873320564475276e-17,7.7987362958768542e-18
1.1202888553594491e-08,0.11224562702032648,0.0,0.0,0.0,0.0,0.99999545415644775,4.504266919092951e-06,1.6395131025597161e-08,4.142647067376662e-09,1.6788734134178645e-08,3.2591229241314003e-09,9.9099787325385826e-10,2.2529745849929061e-17,9.7145216948196342e-18
1.1797290282079196e-08,0.11224564057300597,0.0,0.0,0.0,0.0,0.99999521247917589,4.7430180088477684e-06,1.7360819053771922e-08,4.5937853943967148e-09,1.7814938903760429e-08,3.6286123649740998e-09,1.1046597875575752e-09,2.6825035938280679e-17,1.1967364635866764e-17
1.2391692010563901e-08,0.11224565412803511,0.0,0.0,0.0,0.0,0.99999497075124721,4.9817451472334809e-06,1.8335347658592012e-08,5.0682226013015142e-09,1.8855583994772639e-08,4.0193404365917981e-09,1.2251110213970689e-09,3.1652797649081734e-17,1.4595694355992324e-17
1.2986093739048606e-08,0.11224566768543376,0.0,0.0,0.0,0.0,0.9999947289724056,5.2204483076292007e-06,1.931861720824474e-08,5.5659568731805483e-09,1.991076614658595e-08,4.4314996015401298e-09,1.3524467592867204e-09,3.7047136593805856e-17,1.7640218788442553e-17
1.358049546753331e-08,0.11224568124522163,0.0,0.0,0.0,0.0,0.99999448714239736,5.4591274634149912e-06,2.0310530853065157e-08,6.086986402656067e-09,2.0980579303599927e-08,4.8652801656948414e-09,1.4867628138578867e-09,4.3042538461695669e-17,2.1143947663285358e-17
1.4174897196018015e-08,0.11224569480741826,0.0,0.0,0.0,0.0,0.99999424526096758,5.6977825879717657e-06,2.1310994433258067e-08,6.6313093899625208e-09,2.2065114707441298e-08,5.320870349150403e-09,1.6281556044797305e-09,4.9673861767327348e-17,2.5152224740716938e-17
1.476929892450272e-08,0.11224570837204287,0.0,0.0,0.0,0.0,0.99999400332786559,5.9364136546812959e-06,2.2319916416652685e-08,7.1989240429970445e-09,2.3164460959157011e-08,5.7984563340536005e-09,1.7767221428483808e-09,5.6976332465461831e-17,2.9712751195652412e-17
1.5363700652987425e-08,0.11224572193911443,0.0,0.0,0.0,0.0,0.99999376134284002,6.1750206369261145e-06,2.3337207811020292e-08,7.7898285773934671e-09,2.4278704106822644e-08,6.298222331962819e-09,1.9325600126638736e-09,6.498553762484891e-17,3.487561733755113e-17
1.595810238147213e-08,0.11224573550865176,0.0,0.0,0.0,0.0,0.99999351930564295,6.4136035080895046e-06,2.4362782105364971e-08,8.4040212165686862e-09,2.5407927704203782e-08,6.8203506289534764e-09,2.0957673560271449e-09,7.3737421629284483e-17,4.0693325729083677e-17
1.6552504109956834e-08,0.11224574908067349,0.0,0.0,0.0,0.0,0.99999327721602593,6.6521622415554336e-06,2.5396555188160355e-08,9.0415001917903998e-09,2.6552212892451731e-08,7.3650216484223304e-09,2.2664428544809664e-09,8.3268281144881619e-17,4.7220822081012806e-17
1.7741307566926244e-08,0.11224577623224341,0.0,0.0,0.0,0.0,0.99999279287854714,7.1292071889340373e-06,2.7488372934456654e-08,1.0386310114955047e-08,2.8886280878704242e-08,8.5227044930258514e-09,2.630595662194363e-09,1.0481385136968368e-16,6.2637317239841397e-17
1.8930111023895654e-08,0.11224580339396893,0.0,0.0,0.0,0.0,0.9999923083284471,7.6061552661461473e-06,2.961203381138919e-08,1.1824244355862934e-08,3.1281511276343753e-08,9.7726787936140625e-09,3.0258181355465557e-09,1.2991950591825775e-16,8.1614486170004847e-17
2.0118914480865063e-08,0.11224583056599186,0.0,0.0,0.0,0.0,0.99999182356378924,8.083006260284641e-06,3.1766944823835638e-08,1.3355289052353825e-08,3.3738472839118542e-08,1.1116325861457417e-08,3.4529176435506814e-09,1.58887863142113e-16,1.046825014883722e-16
2.1307717937834473e-08,0.11224585774845106,0.0,0.0,0.0,0.0,0.99999133858265321,8.5597599584500942e-06,3.3952545404862085e-08,1.497943047248849e-08,3.6257701677584119e-08,1.2555001785357357e-08,3.9127088033986046e-09,1.9202678773170035e-16,1.3241313969259231e-16
2.2496521394803882e-08,0.11224588494148263,0.0,0.0,0.0,0.0,0.99999085338313609,9.0364161477500517e-06,3.6168305811079474e-08,1.6696655015671251e-08,3.8839702862586391e-08,1.4090038663905818e-08,4.4060131080968466e-09,2.2964927650520309e-16,1.6542055035485395e-16
2.3685324851773292e-08,0.11224591214522045,0.0,0.0,0.0,0.0,0.99999036796335306,9.5129746152982455e-06,3.84137253796901e-08,1.8506949213879735e-08,4.1484952166962862e-08,1.5722745943869833e-08,4.9336585219100474e-09,2.72073337157961e-16,2.0436207786852056e-16
2.48741283087427e-08,0.11224593935979556,0.0,0.0,0.0,0.0,0.99998988232143227,9.9894351482136391e-06,4.0688330643337583e-08,2.0410299733042633e-08,4.4193897949306871e-08,1.7454411867662717e-08,5.4964790426873773e-09,3.1962188574320599e-16,2.4993914823438585e-16
2.606293176571211e-08,0.1122459665853372,0.0,0.0,0.0,0.0,0.99998939645551688,1.0465797533619753e-05,4.2991673716496862e-08,2.2406693374186418e-08,4.6966962766413722e-08,1.9286304712113323e-08,6.0953143270315215e-09,3.7262267268535992e-16,3.0289811036354226e-16
2.725173522268152e-08,0.112245993821972,0.0,0.0,0.0,0.0,0.99998891036376469,1.0942061558644354e-05,4.5323331179978849e-08,2.4496117074083448e-08,4.9804544488084156e-08,2.1219673644547629e-08,6.7310094309078862e-09,4.3140820045033976e-16,3.6403095303695646e-16
2.844053867965093e-08,0.11224602106982481,0.0,0.0,0.0,0.0,0.99998842404434618,1.1418227010419307e-05,4.7682903032045245e-08,2.6678557905757792e-08,5.2707017345458158e-08,2.3255749527666781e-08,7.4044145656610431e-09,4.9631561209997144e-16,4.3417599897817705e-16
2.962934213662034e-08,0.11224604832901851,0.0,0.0,0.0,0.0,0.99998793749544423,1.1894293676080065e-05,5.0070011159442436e-08,2.8954003079424142e-08,5.5674733459030922e-08,2.5395746093103175e-08,8.1163847426115838e-09,5.6768660100260679e-16,5.1421873970162483e-16
3.081814559358975e-08,0.11224607559967413,0.0,0.0,0.0,0.0,0.99998745071525308,1.2370261342764948e-05,5.2484297589810079e-08,3.1322439943735561e-08,5.8708024585006455e-08,2.7640861282745528e-08,8.8677793667861221e-09,6.4586738173967531e-16,6.0509277277486195e-16
3.200694905055916e-08,0.11224610288191117,0.0,0.0,0.0,0.0,0.99998696370197826,1.2846129797614804e-05,5.4925423385595136e-08,3.3783855986513522e-08,6.1807203220631781e-08,2.9992278097169155e-08,9.659461979273657e-09,7.3120865480125049e-16,7.077806041679337e-16
3.319575250752857e-08,0.11224613017584725,0.0,0.0,0.0,0.0,0.99998647645383543,1.3321898827773385e-05,5.7393068300573994e-08,3.6338238834646249e-08,6.4972562947707771e-08,3.2451164858296973e-08,1.0492300176443811e-08,8.2406548788960294e-16,8.2331422983575905e-16
3.438455596449798e-08,0.11224615748159823,0.0,0.0,0.0,0.0,0.99998598896905122,1.3797568220387667e-05,5.9886930120759829e-08,3.8985576254077247e-08,6.8204379091640923e-08,3.5018675714575374e-08,1.1367165456057019e-08,9.2479719355524017e-16,9.527757610036449e-16
3.557335942146739e-08,0.11224618479927918,0.0,0.0,0.0,0.0,0.99998550124586083,1.4273137762607332e-05,6.240672292886907e-08,4.1725856150852207e-08,7.1502910455948405e-08,3.7695951972907069e-08,1.2284932813656183e-08,1.0337673396977546e-15,1.0972983604462762e-15
3.67621628784368e-08,0.11224621212900336,0.0,0.0,0.0,0.0,0.99998501328250922,1.4748607241583885e-05,6.49521752942015e-08,4.4559066572577474e-08,7.486840113095683e-08,4.0484123487575931e-08,1.324648032135431e-08,1.151343814916189e-15,1.2580672958088838e-15
3.795096633540621e-08,0.11224623947088283,0.0,0.0,0.0,0.0,0.99998452507724844,1.5223976444470788e-05,6.7523029941650989e-08,4.7485195708623738e-08,7.83010808245437e-08,4.3384308912830942e-08,1.4252689049452431e-08,1.2778987236121792e-15,1.4363206447856711e-15
3.913976979237562e-08,0.11224626682502814,0.0,0.0,0.0,0.0,0.99998403662834001,1.5699245158424719e-05,7.0119044425013613e-08,5.0504231888957694e-08,8.1801164189881843e-08,4.6397615184264463e-08,1.530444322118411e-08,1.4138081517856434e-15,1.6333496393724736e-15
4.032857324934503e-08,0.11224629419154884,0.0,0.0,0.0,0.0,0.9999835479340522,1.6174413170606267e-05,7.2739990481379126e-08,5.3616163583760043e-08,8.5368851471381277e-08,4.952513801359511e-08,1.6402630061915044e-08,1.5594521418045208e-15,1.8504992577356893e-15
4.151737670631444e-08,0.11224632157055363,0.0,0.0,0.0,0.0,0.99998305899266293,1.6649480268178873e-05,7.5385651409708158e-08,5.6820979405271403e-08,8.9004331124350806e-08,5.2767963900905319e-08,1.7548139189917377e-08,1.7152149315175323e-15,2.0891694345116546e-15
4.270618016328385e-08,0.1122463489621502,0.0,0.0,0.0,0.0,0.99998256980245381,1.7124446238307316e-05,7.8055820181987149e-08,6.0118668109841721e-08,9.2707781701864257e-08,5.6127171583487144e-08,1.8741862176337194e-08,1.8814849956720719e-15,2.3508162997645302e-15
4.389498362025326e-08,0.11224637636644455,0.0,0.0,0.0,0.0,0.99998208036171388,1.7599310868159372e-05,8.0750301287648787e-08,6.3509218596401774e-08,9.6479370011720466e-08,5.9603830616870671e-08,1.9984692970717209e-08,2.0586545714572734e-15,2.6369524361407354e-15
4.508378707722267e-08,0.1122464037835422,0.0,0.0,0.0,0.0,0.99998159066873937,1.8074073944907509e-05,8.3468911413861872e-08,6.6992619904802411e-08,1.0031925043769549e-07,6.3199000850936005e-08,2.1277528057458293e-08,2.2471195753626104e-15,2.9491471522771093e-15
4.627259053419208e-08,0.11224643121354809,0.0,0.0,0.0,0.0,0.99998110072183266,1.8548735255728669e-05,8.6211476722020873e-08,7.0568861216663405e-08,1.042275676622657e-07,6.6913734521231876e-08,2.2621265823599096e-08,2.4472800864755373e-15,3.2890274846236544e-15
4.7461393991161486e-08,0.1122464586565658,0.0,0.0,0.0,0.0,0.99998061051930098,1.9023294587803401e-05,8.8977831197984422e-08,7.4237931856914428e-08,1.0820445831488393e-07,7.0749077514265527e-08,2.4016806174317875e-08,2.6595403069736126e-15,3.6582793295193732e-15
4.8650197448130896e-08,0.11224648611269838,0.0,0.0,0.0,0.0,0.99998012005945647,1.949775172831546e-05,9.1767817384024174e-08,7.7999821294443922e-08,1.122500502393447e-07,7.4706068802186221e-08,2.5465050699584518e-08,2.8843080315652177e-15,4.0586482906403303e-15
4.9839000905100305e-08,0.11224651358204774,0.0,0.0,0.0,0.0,0.99997962934061779,1.9972106464453279e-05,9.4581287695270333e-08,8.1854519140807637e-08,1.1636446117851722e-07,7.8785739429341527e-08,2.6966902977218918e-08,3.1219945218119761e-15,4.4919400583770364e-15
5.1027804362069715e-08,0.11224654106471522,0.0,0.0,0.0,0.0,0.99997913836110841,2.0446358583411716e-05,9.7418103275116826e-08,8.5802015148755706e-08,1.2054779992036113e-07,8.2989113391133824e-08,2.852326830718017e-08,3.3730151013956257e-15,4.9600208323904248e-15
5.2216607819039125e-08,0.11224656856080219,0.0,0.0,0.0,0.0,0.99997864711925577,2.0920507872391768e-05,1.0027813087190209e-07,8.9842299213172045e-08,1.2480016942038582e-07,8.7317210032667355e-08,3.0135052986856456e-08,3.6377894434578254e-15,5.4648183717524046e-15
5.3405411276008534e-08,0.11224659607040892,0.0,0.0,0.0,0.0,0.99997815561339165,2.1394554118598712e-05,1.0316124192659255e-07,9.3975361373602508e-08,1.2912166771151135e-07,9.1771044746372593e-08,3.1803164096337858e-08,3.916740834520089e-15,6.0083233469587258e-15
5.4594214732977944e-08,0.11224662359363415,0.0,0.0,0.0,0.0,0.99997766384185127,2.1868497109242565e-05,1.0606731630915153e-07,9.8201191813830194e-08,1.33512384167985e-07,9.6351626097187774e-08,3.3528510360036256e-08,4.2102955009240597e-15,6.5925898813367139e-15
5.578301818994735e-08,0.11224665113057719,0.0,0.0,0.0,0.0,0.99997717180297585,2.2342336631540914e-05,1.0899624214055795e-07,1.0251978085915041e-07,1.3797239968597721e-07,1.0105995595890545e-07,3.5312002105107722e-08,4.5188835259088931e-15,7.2197356814782023e-15
5.697182164691676e-08,0.11224667868133625,0.0,0.0,0.0,0.0,0.99997667949511093,2.2816072472720225e-05,1.1194791312344432e-07,1.0693111897558377e-07,1.4250178935374456e-07,1.0589703156489826e-07,3.7154550642809723e-08,4.8429393977907641e-15,7.8919426861894032e-15
5.816062510388617e-08,0.11224670624600974,0.0,0.0,0.0,0.0,0.99997618691660339,2.3289704420014181e-05,1.1492222592557197e-07,1.1143519677218287e-07,1.4710062506595981e-07,1.1086384751625347e-07,3.9057067660057262e-08,5.1829014206471417e-15,8.6114584262540735e-15
5.942039402268252e-08,0.11224673547144559,0.0,0.0,0.0,0.0,0.99997566463649423,2.3791496143737032e-05,1.1809869057922703e-07,1.1630934363816692e-07,1.5204984945181412e-07,1.1626984756845809e-07,4.1139616016286233e-08,5.5610072426388325e-15,9.4281318759269369e-15
6.068016294147887e-08,0.11224676471273104,0.0,0.0,0.0,0.0,0.99997514204865656,2.4293170707396331e-05,1.213003616529409e-07,1.2128761161577449e-07,1.5707720425164253e-07,1.2182382398537162e-07,4.3291618291183304e-08,5.958000061806539e-15,1.0303366399699323e-14
6.193993186027522e-08,0.11224679396998044,0.0,0.0,0.0,0.0,0.99997461915113739,2.4794727857832589e-05,1.2452713610870107e-07,1.2636999005475113e-07,1.6218275425379113e-07,1.2752694369665284e-07,4.5514162831271304e-08,6.3744145307574991e-15,1.1240082947794356e-14
6.319970077907157e-08,0.11224682324330823,0.0,0.0,0.0,0.0,0.9999740959419875,2.5296167341898371e-05,1.2777891622412141e-07,1.3155646848406897e-07,1.6736655864383565e-07,1.3338036908902931e-07,4.7808338809861054e-08,6.8107898714313357e-15,1.2241288915617821e-14
6.445946969786792e-08,0.11224685253282798,0.0,0.0,0.0,0.0,0.99997357241926144,2.5797488906458453e-05,1.3105560915785109e-07,1.3684703661223362e-07,1.7262867143885783e-07,1.3938525833712487e-07,5.0175236123293414e-08,7.2676697284579553e-15,1.3310079278812457e-14
6.571923861666427e-08,0.11224688183865274,0.0,0.0,0.0,0.0,0.99997304858101588,2.6298692298390582e-05,1.3435712681755056e-07,1.422416843270601e-07,1.7796914161966324e-07,1.4554276550205627e-07,5.2615945357528575e-08,7.7456022407397668e-15,1.4449637571632953e-14
6.823877645425697e-08,0.112246940499668,0.0,0.0,0.0,0.0,0.99997199995021557,2.7300743551953406e-05,1.4103430627070304e-07,1.5334317896174009e-07,1.8888532630283324e-07,1.5832023032758747e-07,5.7723165028857244e-08,8.76684069103244e-15,1.6954242776685689e-14
7.075831429184967e-08,0.11224699922725025,0.0,0.0,0.0,0.0,0.99997095003411451,2.8302319077897833e-05,1.4780983684129857e-07,1.6486087506540437e-07,2.0011541180836332e-07,1.7172191981094453e-07,6.3138734347263982e-08,9.8789812798188996e-15,1.9782381797918384e-14
7.327785212944237e-08,0.11224705802228963,0.0,0.0,0.0,0.0,0.99996989881729015,2.9303416851788727e-05,1.5468316235684015e-07,1.7679469816825752e-07,2.1165963109963849e-07,1.8575693527881348e-07,6.8871397354075289e-08,1.1086572188907199e-14,2.2962811633548569e-14
7.579738996703506e-08,0.11224711688567088,0.0,0.0,0.0,0.0,0.99996884628436289,3.0304034849468383e-05,1.6165378052062864e-07,1.8914457664632901e-07,2.2351815868872129e-07,2.0043432895383655e-07,7.4929903729564091e-08,1.2394233127804593e-14,2.6525803458951203e-14
7.831692780462776e-08,0.1122471758182729,0.0,0.0,0.0,0.0,0.99996779241999711,3.1304171047080149e-05,1.6872123636085184e-07,2.0191044171420854e-07,2.3569111719381521e-07,2.1576310889223591e-07,8.1323007180069813e-08,1.3806654966389852e-14,3.0503176528947474e-14
8.083646564222046e-08,0.1122472348209701,0.0,0.0,0.0,0.0,0.99996673720889473,3.2303823421091544e-05,1.7588511680959175e-07,2.1509222741746054e-07,2.4817858276716609e-07,2.3175224305563755e-07,8.8059464089216402e-08,1.5328599497316392e-14,3.4928331188507615e-14
8.335600347981316e-08,0.11224729389463278,0.0,0.0,0.0,0.0,0.99996568063579372,3.3302989948315732e-05,1.8314504637564593e-07,2.2868987062536598e-07,2.6098058942889806e-07,2.4841066255088773e-07,9.5148032430896258e-08,1.6964899179131306e-14,3.9836278919902388e-14
8.587554131740586e-08,0.1122473530401262,0.0,0.0,0.0,0.0,0.99996462268546693,3.4301668605939523e-05,1.9050068205570166e-07,2.4270331102119913e-07,2.7409713416482518e-07,2.6574726543030315e-07,1.0259747048112039e-07,1.8720456734525505e-14,4.5263681188282917e-14
8.839507915499856e-08,0.1122474122583135,0.0,0.0,0.0,0.0,0.99996356334271974,3.5299857371546746e-05,1.9795170960927993e-07,2.5713249109399139e-07,2.875281806591432e-07,2.8377091946137234e-07,1.1041653586301358e-07,2.0600244940381574e-14,5.1248882264119954e-14
9.091461699259126e-08,0.11224747155005328,0.0,0.0,0.0,0.0,0.99996250259238839,3.6297554223141604e-05,2.0549784043519863e-07,2.7197735613022133e-07,3.0127366242571896e-07,3.0249046443639121e-07,1.1861398473323892e-07,2.2609306400795907e-14,5.7831941373393276e-14
9.343415483018396e-08,0.11224753091620178,0.0,0.0,0.0,0.0,0.99996144041933743,3.7294757139171982e-05,2.1313880873378454e-07,2.872378542053152e-07,3.153334856538368e-07,3.2191471426159411e-07,1.271985710336617e-07,2.4752753275668101e-14,6.5054665303614069e-14
9.595369266777666e-08,0.1122475903576121,0.0,0.0,0.0,0.0,0.99996037680845962,3.8291464098554397e-05,2.2087436872219901e-07,3.0291393617449942e-07,3.2970753200146542e-07,3.4205245900023055e-07,1.3617904575007914e-07,2.7035766998384084e-14,7.2960642976182589e-14
9.999999999999998e-08,0.11224770946961687,0.0,0.0,0.0,0.0,0.99995866563246871,3.989110471120418e-05,2.3349483262751355e-07,3.289588038641193e-07,3.5344901804044367e-07,3.7590818998380799e-07,1.5145185715591569e-07,3.1007507531012403e-14,8.7202083209585506e-14
1.0099276834296205e-07,0.11224770946961687,0.0,0.0,0.0,0.0,0.99995824521293319,4.0283382065537506e-05,2.3662836656665683e-07,3.3551266905833162e-07,3.5939771223882741e-07,3.8450348454561587e-07,1.5536264573068614e-07,3.2041565738810613e-14,9.1005837001939229e-14
1.0552793645062891e-07,0.11224781693632158,0.0,0.0,0.0,0.0,0.99995632170857962,4.2074391799063662e-05,2.5112833059084342e-07,3.6627238913438659e-07,3.8719191011761397e-07,4.2523731327274996e-07,1.7406953110703536e-07,3.7077493710889983e-14,1.100582468011086e-13
1.1006310455829576e-07,0.11224792466002861,0.0,0.0,0.0,0.0,0.99995439331190472,4.3863763225235511e-05,2.6593163206177956e-07,3.9837796278917034e-07,4.1600146226279666e-07,4.6841864694932755e-07,1.9419499123472428e-07,4.2649342443464777e-14,1.3208743190408598e-13
1.1459827266596262e-07,0.1122480326456274,0.0,0.0,0.0,0.0,0.99995245993570181,4.565148457733779e-05,2.8103729836147748e-07,4.3182920268507113e-07,4.4582505565472637e-07,5.1409807650939597e-07,2.1578988143498381e-07,4.8789805451993478e-14,1.5741662816446036e-13
1.1913344077362948e-07,0.11224814089799189,0.0,0.0,0.0,0.0,0.99995052149300112,4.7437544095569109e-05,2.9644443502101411e-07,4.666259499082682e-07,4.7666125245584118e-07,5.6232603637514263e-07,2.3890498782172497e-07,5.553228545606987e-14,1.8639056292036719e-13
1.2366860888129633e-07,0.11224824942197469,0.0,0.0,0.0,0.0,0.99994857789706282,4.9221930027516955e-05,3.1215220810785044e-07,5.0276807378298476e-07,5.0850850780294893e-07,6.1315281619476141e-07,2.6359102143079857e-07,6.2910890188343063e-14,2.1937612554902084e-13
1.282037769889632e-07,0.11224835822241255,0.0,0.0,0.0,0.0,0.99994662906137433,5.1004630628633957e-05,3.2815983006752574e-07,5.402554716837993e-07,5.4136518414794154e-07,6.6662856992971859e-07,2.8989861315260449e-07,7.0960428287295196e-14,2.5676304329642426e-13
1.3273894509663007e-07,0.11224846730412476,0.0,0.0,0.0,0.0,0.99994467489964678,5.2785634162714587e-05,3.4446654849262937e-07,5.7908806884611594e-07,5.7522956267392842e-07,7.2280332269921592e-07,3.1787830934875533e-07,7.9716404914645576e-14,2.9896456125345596e-13
1.3727411320429694e-07,0.1122485766719153,0.0,0.0,0.0,0.0,0.99994271532581025,5.4564928902372171e-05,3.6107163732889834e-07,6.192658181747819e-07,6.1009985227696546e-07,7.8172697575811808e-07,3.4758056803890114e-07,8.9215017314357163e-14,3.4641812684900507e-13
1.418092813119638e-07,0.1122486863305723,0.0,0.0,0.0,0.0,0.99994075025401907,5.6342503129517436e-05,3.7797438980231996e-07,6.6078870005072189e-07,6.4597419682964202e-07,8.4344931015844396e-07,3.7905575549169089e-07,9.9493150445104708e-14,3.9958607887266331e-13
1.4634444941963067e-07,0.11224879628486886,0.0,0.0,0.0,0.0,0.99993877959864619,5.811834513583727e-05,3.9517411264152004e-07,7.0365672213561237e-07,6.8285068115218544e-07,9.0801998942148657e-07,4.1235414312123196e-07,1.1058837252497092e-13,4.5895634106748781e-13
1.5087961752729754e-07,0.11224890653956321,0.0,0.0,0.0,0.0,0.99993680327428636,5.9892443223274755e-05,4.1267012137493703e-07,7.478699191746186e-07,7.2072733591159898e-07,9.7548856139063437e-07,4.475259046386044e-07,1.2253893041234272e-13,5.2504312001122277e-13
1.554147856349644e-07,0.1122490170993987,0.0,0.0,0.0,0.0,0.99993482119575794,6.1664785704509684e-05,4.3046173657707169e-07,7.9342835279723454e-07,7.5960214157449674e-07,1.0459044593620441e-06,4.8462111342986956e-07,1.3538374495888147e-13,5.9838760705940781e-13
1.5994995374263128e-07,0.11224912796910422,0.0,0.0,0.0,0.0,0.99993283327810112,6.3435360903439761e-05,4.4854828090136221e-07,8.4033211131620422e-07,7.9947303157610526e-07,1.1193170026183166e-06,5.2368974012327602e-07,1.4916240635537068e-13,6.7955868418387082e-13
1.6448512185029815e-07,0.11224923915339381,0.0,0.0,0.0,0.0,0.99993083943658334,6.5204157155662515e-05,4.6692907671796524e-07,8.8858130952450177e-07,8.4033789488720015e-07,1.1957753965049356e-06,5.6478165030368747e-07,1.6391516937141081e-13,7.6915363361529013e-13
1.7355545806563186e-07,0.1122494624845092,0.0,0.0,0.0,0.0,0.99992683364417023,6.8736366223774153e-05,5.0457070072572345e-07,9.8911661534464395e-07,9.2504088642135655e-07,1.3580259853191291e-06,6.5323424553216219e-07,1.9650731287994109e-13,9.7615057224003895e-13
1.8262579428096557e-07,0.11224968713016625,0.0,0.0,0.0,0.0,0.99992280314524085,7.2261319845981221e-05,5.4338111805447996e-07,1.0950357103621037e-06,1.0136934104611757e-06,1.5330475733139816e-06,7.5037564255272764e-07,2.3349531947697941e-13,1.2247518840883304e-12
1.9169613049629928e-07,0.11224991312755175,0.0,0.0,0.0,0.0,0.99991874727026697,7.5778925177575737e-05,5.8335474392171536e-07,1.2063404450423168e-06,1.1062771531425505e-06,1.7212296439642473e-06,8.5660077330447185e-07,2.7522465029776146e-13,1.5208314332420661e-12
2.00766466711633e-07,0.11225014051360911,0.0,0.0,0.0,0.0,0.99991466535354956,7.9289089607546595e-05,6.2448587796623402e-07,1.323033073361036e-06,1.2027732208585361e-06,1.9229597789030066e-06,9.723026990074354e-07,3.2205091930290289e-13,1.8707867855971434e-12
2.098368029269667e-07,0.112250369325046,0.0,0.0,0.0,0.0,0.99991055673330453,8.2791720774157726e-05,6.6676869104552966e-07,1.4451162458247067e-06,1.3031621607137091e-06,2.138623614427044e-06,1.0978725533643624e-06,3.7433972638157301e-13,2.2815626900017934e-12
2.1890713914230041e-07,0.1122505995983202,0.0,0.0,0.0,0.0,0.99990642075174829,8.6286726580558719e-05,7.1019721614137801e-07,1.5725930023669271e-06,1.4074239770513708e-06,2.3686047954069788e-06,1.2336994872470724e-06,4.3246648600804432e-13,2.7606747114621772e-12
2.2797747535763413e-07,0.11225083136964045,0.0,0.0,0.0,0.0,0.99990225675518196,8.9774015210421679e-05,7.5476534265137947e-07,1.7054667651242488e-06,1.5155381447730529e-06,2.6132849271718449e-06,1.3801706147146358e-06,4.9681625276061185e-13,3.3162329989214163e-12
2.3704781157296784e-07,0.11225106467496071,0.0,0.0,0.0,0.0,0.99989806409408122,9.3253495143600447e-05,8.0046681390478895e-07,1.8437413310901297e-06,1.6274836196150769e-06,2.8730435255206285e-06,1.5376709603532267e-06,5.6778354357917878e-13,3.9569661750183111e-12
2.4611814778830157e-07,0.11225129954997604,0.0,0.0,0.0,0.0,0.99989384212317878,9.6725075171807004e-05,8.4729522675983447e-07,1.987420864647675e-06,1.7432388465252284e-06,3.1482579657604944e-06,1.7065834076941134e-06,6.4577215662923567e-13,4.6922453305824255e-12
2.551884840036353e-07,0.11225153603011839,0.0,0.0,0.0,0.0,0.99988959020155266,0.00010018866441429958,8.9524403196697755e-07,2.1365098899856024e-06,1.8627817674505129e-06,3.4393034317937297e-06,1.8872886484163023e-06,7.3119498719067301e-13,5.532108101965771e-12
2.7332915643430273e-07,0.11225201394617086,0.0,0.0,0.0,0.0,0.99988099396466412,0.00010709150875105705,9.9447589691291515e-07,2.4509362652105642e-06,2.1131399896703811e-06,4.0703769184489346e-06,2.2855890193233301e-06,9.260392414556691e-13,7.5692127782402391e-12
2.9146982886497015e-07,0.11225249870114691,0.0,0.0,0.0,0.0,0.99987227034609638,0.00011396130825500701,1.0981071287848533e-06,2.7870635511081331e-06,2.3783720463391219e-06,4.7692197190283198e-06,2.735571884736827e-06,1.1557942323537207e-12,1.0162830316124302e-11
3.096105012956376e-07,0.11225299056858991,0.0,0.0,0.0,0.0,0.99986341438331539,0.00012079734927147341,1.206080192221347e-06,3.1449400956606366e-06,2.6582841167068143e-06,5.5387493106177381e-06,3.2401988542001524e-06,1.4240711744244878e-12,1.3419722859075237e-11
3.27751173726305e-07,0.11225348981744139,0.0,0.0,0.0,0.0,0.99985442119109014,0.00012759892489006285,1.3183353616774455e-06,3.5246192394173184e-06,2.9526750239242623e-06,6.3818433636036451e-06,3.8023918368367104e-06,1.7346081996651366e-12,1.7459637953272859e-11
3.458918461569724e-07,0.11225399671189587,0.0,0.0,0.0,0.0,0.99984528596391997,0.000134365335442469,1.4348107904309339e-06,3.9261590485813317e-06,3.2613364657926666e-06,7.301338235919238e-06,4.4250315893289835e-06,2.0912638322893376e-12,2.241607829453537e-11
3.6403251858763984e-07,0.11225451151130197,0.0,0.0,0.0,0.0,0.99983600397836769,0.00014109588899710262,1.555442580309976e-06,4.3496220431275939e-06,3.5840532535687401e-06,8.3000275137657732e-06,5.110956309180626e-06,2.498010328399226e-12,2.843706513517539e-11
3.8217319101830726e-07,0.11225503447003704,0.0,0.0,0.0,0.0,0.99982657059530067,0.00014778990184972414,1.6801648544688092e-06,4.7950749204556594e-06,3.9206035559961138e-06,9.3806605983960889e-06,5.8629602751709512e-06,2.9589268865507618e-12,3.5685892971253505e-11
4.003138634489747e-07,0.11225556583740387,0.0,0.0,0.0,0.0,0.99981698126203589,0.00015444669900925427,1.8089098341271954e-06,5.2625882749068587e-06,4.2707591474104306e-06,1.0545941340672723e-05,6.6837925375802097e-06,3.4781927462365965e-12,4.4341873189636707e-11
4.184545358796421e-07,0.11225610585752963,0.0,0.0,0.0,0.0,0.99980723151438233,0.00016106561467790038,1.9416079173050068e-06,5.7522363136285108e-06,4.634285661425398e-06,1.1798526726667468e-05,7.5761556594695474e-06,4.0600801901807711e-12,5.4601064227901311e-11
4.3659520831030953e-07,0.11225665476926969,0.0,0.0,0.0,0.0,0.99979731697858498,0.00016764599272473636,2.0781877579760321e-06,6.2640965694300298e-06,5.0109428510644993e-06,1.3141025616333949e-05,8.5427045095007901e-06,4.7089474606425233e-12,6.6676985751425765e-11
4.5473588074097695e-07,0.11225721280611711,0.0,0.0,0.0,0.0,0.99978723337316333,0.00017418718715190689,2.2185763460686408e-06,6.7982496112658371e-06,5.4004848541985281e-06,1.4575997535573267e-05,9.5860451070786703e-06,5.4292316036376342e-12,8.0801314441917382e-11
4.7287655317164437e-07,0.112257780196119,0.0,0.0,0.0,0.0,0.99977697651064923,0.00018068856255265954,2.3626990891556349e-06,7.3547787528966457e-06,5.8026604628494024e-06,1.6105951521985657e-05,1.0708733520970382e-05,6.2254412565835322e-12,9.7224559113483095e-11
4.910172256023118e-07,0.11225835716179851,0.0,0.0,0.0,0.0,0.99976654229922091,0.00018714949456041447,2.5104798956272452e-06,7.9337697602536988e-06,6.2172133960062217e-06,1.7733345025515114e-05,1.1913274822417593e-05,7.1021493930731395e-12,1.1621671294793382e-10
5.091578980329793e-07,0.11225894392008308,0.0,0.0,0.0,0.0,0.99975592674422853,0.00019356937028809182,2.6618412585972925e-06,8.5353105580592633e-06,6.6438825760953365e-06,1.9460582865408533e-05,1.3202122093436954e-05,8.0639860381323004e-12,1.3806788068653386e-10
5.272985704636468e-07,0.1122595406822383,0.0,0.0,0.0,0.0,0.99974512594961829,0.00019994758875694263,2.8167043402593142e-06,9.1594909362758662e-06,7.0824024087384573e-06,2.1290016244306503e-05,1.4577675490877986e-05,9.1156309678861261e-12,1.6308887867750715e-10
5.454392428943143e-07,0.11226014765380765,0.0,0.0,0.0,0.0,0.99973413611924677,0.00020628356131415835,2.9749890568674151e-06,9.8064022569447936e-06,7.5325030649794009e-06,2.3223941819819634e-05,1.6042281366806312e-05,1.0261806407761049e-11,1.916118057720026e-10
5.635799153249817e-07,0.11226076503455873,0.0,0.0,0.0,0.0,0.9997229535580926,0.00021257671203856151,3.1366141643712112e-06,1.0476137161955309e-05,7.9939107653247683e-06,2.5264600834023889e-05,1.7598231445713956e-05,1.1507269743220321e-11,2.2399058316868961e-10
5.817205877556492e-07,0.11226139301843499,0.0,0.0,0.0,0.0,0.9997115746733557,0.00021882647813370096,3.3014973444200612e-06,1.1168789282276791e-05,8.466348065263428e-06,2.7414178301482345e-05,1.9247762058920643e-05,1.2856806256606924e-11,2.6060146141097693e-10
5.998612601863167e-07,0.11226203179351377,0.0,0.0,0.0,0.0,0.99969999597545911,0.00022503231030770809,3.4695552904489224e-06,1.1884452949181673e-05,8.9495341419284588e-06,2.9674802256282925e-05,2.0993053436413484e-05,1.4315221903324578e-11,3.0184349284071255e-10
6.180019326169842e-07,0.11226268154196974,0.0,0.0,0.0,0.0,0.9996882140789366,0.00023119367313929843,3.6407037937462024e-06,1.2623222907976937e-05,9.443185081377759e-06,3.2048543058310887e-05,2.2836229056294666e-05,1.5887336140589071e-11,3.4813896791807456e-10
6.361426050476516e-07,0.11226334244004463,0.0,0.0,0.0,0.0,0.99967622570321801,0.00023731004542934268,3.8148578294625942e-06,1.338519403474888e-05,9.9470141659186786e-06,3.4537412758829799e-05,2.4779355051923047e-05,1.7577974821912169e-11,3.9993381393428399e-10
6.542832774783191e-07,0.11226401465802258,0.0,0.0,0.0,0.0,0.99966402767331042,0.00024338092053746095,3.9919316424271308e-06,1.4170461056611666e-05,1.0460732161004696e-05,3.7143364525429827e-05,2.6824439676730536e-05,1.9391963170059732e-11,4.5769795476751827e-10
6.724239499089866e-07,0.11226469836021104,0.0,0.0,0.0,0.0,0.99965161692037408,0.00024940580670312711,4.1718388325778661e-06,1.4979118275936064e-05,1.0984047601300343e-05,3.9868292126355832e-05,2.8973432826591095e-05,2.1334118840741458e-11,5.2192563045688375e-10
6.905646223396541e-07,0.11226539370492743,0.0,0.0,0.0,0.0,0.99963899048219607,0.00025538422735080994,4.3544924398560875e-06,1.5811259299018999e-05,1.1516667075479662e-05,4.2714029474096718e-05,3.1228225619533744e-05,2.340924508897673e-11,5.9313567549381023e-10
7.087052947703215e-07,0.11226610084449139,0.0,0.0,0.0,0.0,0.99962614550355966,0.00026131572137871341,4.5398050284639921e-06,1.6666976769637059e-05,1.2058295509284667e-05,4.5682350227979553e-05,3.3590650032507024e-05,2.5622124049801936e-11,6.7187175485778205e-10
7.26845967200989e-07,0.11226681992522268,0.0,0.0,0.0,0.0,0.99961307923651443,0.00026719984343071988,4.7276887703800783e-06,1.7546362107909888e-05,1.2608636446389551e-05,4.8774967455426051e-05,3.6062478594811956e-05,2.7977510144567594e-11,7.5870255695511343e-10
7.449866396316565e-07,0.11226755108744366,0.0,0.0,0.0,0.0,0.99959978904054803,0.00027303616415117539,4.9180555279989548e-06,1.8449505254881074e-05,1.3167392326658593e-05,5.199353335146159e-05,3.8645424137728994e-05,3.0480123623555701e-11,8.542219427532615e-10
7.63127312062324e-07,0.11226829446548806,0.0,0.0,0.0,0.0,0.99958627238265796,0.00027882427042219652,5.1108169357624131e-06,1.937649442320462e-05,1.3734264761401887e-05,5.5339639015981758e-05,4.1341139599779777e-05,3.3134644255151226e-11,9.5904905053659684e-10
7.812679844929914e-07,0.11226905018771426,0.0,0.0,0.0,0.0,0.99957252683732722,0.00028456376558321926,5.3058844806704663e-06,2.0327415854304148e-05,1.4308954805228806e-05,5.881481428817907e-05,4.4151217886986765e-05,3.5945705171342843e-11,1.0738283558424971e-09
7.994086569236589e-07,0.11226981837652365,0.0,0.0,0.0,0.0,0.99955855008640671,0.00029025426963255108,5.5031695815727982e-06,2.1302353582351742e-05,1.4891163224106023e-05,6.2420527637442326e-05,4.7077191787416118e-05,3.8917886878838017e-11,1.199229686269911e-09
8.175493293543264e-07,0.1122705991483841,0.0,0.0,0.0,0.0,0.99954433991890412,0.00029589541941072654,5.702583667137213e-06,2.230138920539113e-05,1.548059075924929e-05,6.6158186109963973e-05,5.0120533939210291e-05,4.2055711444524232e-11,1.3359481909858472e-09
8.356900017849939e-07,0.11227139261385813,0.0,0.0,0.0,0.0,0.99952989423068228,0.000301486868765508,5.9040382523899011e-06,2.3324601663908927e-05,1.6076938386500828e-05,7.0029135330219812e-05,5.3282656851244073e-05,4.5363636863433552e-11,1.4847042648872736e-09
8.538306742156613e-07,0.11227219887763545,0.0,0.0,0.0,0.0,0.99951521102406848,0.00030702828869841353,6.1074450137299932e-06,2.4372067027134788e-05,1.6679907570857135e-05,7.4034659556405507e-05,5.6564912975467412e-05,4.8846051616803011e-11,1.6462434275057333e-09
8.719713466463288e-07,0.11227301803857052,0.0,0.0,0.0,0.0,0.99950028840737959,0.0003125193674926937,6.3127158623310678e-06,2.5443858287328437e-05,1.7289200515824248e-05,7.8175981788839723e-05,5.9968594829933626e-05,5.2507269427258718e-11,1.8213361568695216e-09
8.901120190769963e-07,0.11227385018972393,0.0,0.0,0.0,0.0,0.99948512459436101,0.00031795981082271901,6.5197630158471685e-06,2.6540045162288514e-05,1.7904520407294826e-05,8.2454263930274168e-05,6.3494935171448281e-05,5.6351524217563221e-11,2.0107776786634655e-09
9.082526915076638e-07,0.11227469541840861,0.0,0.0,0.0,0.0,0.99946971790354422,0.000323349341844779,6.7284990683431132e-06,2.7660693906295311e-05,1.8525571651661991e-05,8.6870606996987951e-05,6.7145107216712879e-05,6.0382965278759545e-11,2.2153877111486413e-09
9.263933639383312e-07,0.11227555380623919,0.0,0.0,0.0,0.0,0.9994540667575289,0.00032868770126933463,6.9388370583737591e-06,2.880586712967648e-05,1.9152060107903947e-05,9.142605137948426e-05,7.0920224910783213e-05,6.460565265293969e-11,2.4360101664230893e-09
9.445340363689987e-07,0.11227642542918641,0.0,0.0,0.0,0.0,0.99943816968218024,0.00033397464741479616,7.1506905351436933e-06,2.9975623627160464e-05,1.9783693313389538e-05,9.6121577151544435e-05,7.4821343241607087e-05,6.9023552735260083e-11,2.6735128087192065e-09
9.62674708799666e-07,0.11227731035763437,0.0,0.0,0.0,0.0,0.99942202530576285,0.00033920995624294934,7.3639736226855863e-06,3.1170018215160894e-05,2.0420180703173786e-05,0.00010095810442634658,7.8849458599361953e-05,7.3640534099228808e-11,2.9287868705441303e-09
9.808153812303334e-07,0.11227820865644172,0.0,0.0,0.0,0.0,0.99940563235799684,0.00034439342137617356,7.5786010820000517e-06,3.2389101578110436e-05,2.1061233822570796e-05,0.00010593649375829937,8.3005509179263689e-05,7.8460363548677536e-11,3.2027466275753657e-09
9.989560536610008e-07,0.1122791203850065,0.0,0.0,0.0,0.0,0.99938898966904433,0.00034952485409663964,7.7944883711047398e-06,3.363292012394077e-05,2.1706566532811537e-05,0.00011105754658920011,8.7290375426478723e-05,8.3486702399227863e-11,3.4963289333252285e-09
9.999999999999997e-07,0.11228004559733368,0.0,0.0,0.0,0.0,0.99938802430525697,0.00034981856711091802,7.8069486806255941e-06,3.3705252074336072e-05,2.1743827967916882e-05,0.00011135660621174993,8.7540895074458513e-05,8.378231318216212e-11,3.5138408060557299e-09
1.0170967260916682e-06,0.11228004559733368,0.0,0.0,0.0,0.0,0.99937209616843625,0.00035460408332771171,8.0115517029463111e-06,3.4901515848783011e-05,2.2355895209613055e-05,0.00011632200573728509,9.1704880521735225e-05,8.872310299146716e-11,3.8104927146837444e-09
1.0352373985223356e-06,0.11228098434210657,0.0,0.0,0.0,0.0,0.99935495088393034,0.0003596309555977975,8.2297081011347365e-06,3.6194926210939839e-05,2.3008938934503383e-05,0.00012173055592769765,9.6249790906193164e-05,9.4173005437458285e-11,4.1462184295401877e-09
1.053378070953003e-06,0.11228193666276058,0.0,0.0,0.0,0.0,0.99933755294031246,0.00036460533498693809,8.4488754534650426e-06,3.7513184014159614e-05,2.3665419678766011e-05,0.00012728382436286951,0.00010092581684410547,9.9839734601631184e-11,4.5045074877686844e-09
1.0715187433836703e-06,0.11228290259756002,0.0,0.0,0.0,0.0,0.99931990155813888,0.00036952710305644622,8.6689725631966853e-06,3.8856317300221107e-05,2.4325062479886213e-05,0.00013298238133127856,0.00010573361302177597,1.05726497316533e-10,4.8863816369425793e-09
1.0896594158143377e-06,0.1122838821796775,0.0,0.0,0.0,0.0,0.99930199605242576,0.00037439615876193913,8.8899191980660895e-06,4.0224349250816913e-05,2.4987595610400521e-05,0.00013882674085302201,0.0001106737791812975,1.1183637983335803e-10,5.2928823142157816e-09
1.107800088245005e-06,0.11228487543727594,0.0,0.0,0.0,0.0,0.99928383583128455,0.00037921241835013104,9.1116361370131606e-06,4.1617298098703286e-05,2.5652750739068298e-05,0.0001448173613606197,0.00011574686078753482,1.1817234550663649e-10,5.7250699658766126e-09
1.1259407606756724e-06,0.11228588239359266,0.0,0.0,0.0,0.0,0.99926542039451238,0.00038397581523978567,9.334045214607912e-06,4.3035177048064913e-05,2.6320263084302856e-05,0.00015095464641344642,0.00012095334972680347,1.2473723271193962e-10,6.1840233361410547e-09
1.1440814331063398e-06,0.11228690306702557,0.0,0.0,0.0,0.0,0.99924674933213331,0.00038868629988724146,9.5570693631683854e-06,4.4477994204023701e-05,2.6989871559816588e-05,0.00015723894544417532,0.00012629368503568256,1.3153375299494512e-10,6.6708387268072185e-09
1.1622221055370071e-06,0.11228793747122172,0.0,0.0,0.0,0.0,0.99922782232289897,0.00039334383963695712,9.7806326525657734e-06,4.5945752511203532e-05,2.7661318912452353e-05,0.00016367055453560592,0.00013176825365839449,1.3856448944972317e-10,7.1866292294418687e-09
1.1803627779676745e-06,0.11228898561516731,0.0,0.0,0.0,0.0,0.99920863913274827,0.00039794841855753311,1.0004660327717486e-05,4.7438449701244466e-05,2.8334351852189677e-05,0.00017024971722624167,0.00013737739123117641,1.458318953236282e-10,7.7325239318123019e-09
1.2166441228290095e-06,0.11229112313550595,0.0,0.0,0.0,0.0,0.9991695036997994,0.00040699871268927191,1.0453815892918483e-05,5.0498625360837208e-05,2.9684181853749909e-05,0.00018385141992484101,0.00014900046417579816,1.6108587237139565e-10,8.9192172793818368e-09
1.2492973332042108e-06,0.11229309389175517,0.0,0.0,0.0,0.0,0.99913340505189352,0.00041496302736848125,1.0858919408296442e-05,5.3337943596306825e-05,3.090199584476791e-05,0.00019659898302812885,0.00015992380139168082,1.7564577649580069e-10,1.01018227764162e-08
1.2803384809252972e-06,0.11229500857038112,0.0,0.0,0.0,0.0,0.99909831913512004,0.00042237550866659458,1.124439941708946e-05,5.6111749589598683e-05,3.2060997704650783e-05,0.00020916183493458824,0.00017071485109330673,1.902274554572821e-10,1.1333246562001262e-08
1.3113796286463836e-06,0.1122969633335541,0.0,0.0,0.0,0.0,0.99906248461061209,0.00042963378246431422,1.1629905265458432e-05,5.8958150761619823e-05,3.3220121908586948e-05,0.00022215775665786959,0.00018190279147242791,2.0553933175723205e-10,1.2675318400448267e-08
1.34242077636747e-06,0.11229895805935418,0.0,0.0,0.0,0.0,0.99902590345211295,0.00043673839154952782,1.2015113989789343e-05,6.1876926065313235e-05,3.4378273959142822e-05,0.00023558605336460996,0.00019348743319651346,2.2158846020616706e-10,1.4134173851050658e-08
1.3734619240885565e-06,0.11230099259343504,0.0,0.0,0.0,0.0,0.99898857824705589,0.00044369000400286884,1.2399714745562172e-05,6.4867809018486264e-05,3.5534400486095318e-05,0.00024944565263577414,0.00020546821765975081,2.3838075835761757e-10,1.5716015151947498e-08
1.4045030718096429e-06,0.11230306675065936,0.0,0.0,0.0,0.0,0.9989505121702652,0.00045048940902659682,1.2783409017769435e-05,6.7930488162922962e-05,3.668748999349332e-05,0.00026373511925915899,0.00021784423125670912,2.5592101730194987e-10,1.7427097237441181e-08
1.4355442195307293e-06,0.11230518031652736,0.0,0.0,0.0,0.0,0.99891170895738257,0.00045713751255139774,1.3165910777799572e-05,7.1064607703445057e-05,3.7836573423077374e-05,0.00027845267031318939,0.00023061421992216704,2.7421291669069677e-10,1.9273713614964361e-08
1.4665853672518157e-06,0.11230733304864632,0.0,0.0,0.0,0.0,0.99887217287816454,0.00046363533266440086,1.3546946591631688e-05,7.4269768304447301e-05,3.8980724550794616e-05,0.00029359619044111923,0.00024377660384166923,2.93259043698102e-10,2.1262182207626808e-08
1.4976265149729022e-06,0.112309524678206,0.0,0.0,0.0,0.0,0.99883190870978789,0.00046998399489502226,1.3926255683677339e-05,7.7545528025070706e-05,4.0119060230072957e-05,0.00030916324723206874,0.00025732949225413274,3.130609155749007e-10,2.3398831254370968e-08
1.5286676626939886e-06,0.11231175491144646,0.0,0.0,0.0,0.0,0.9987909217102221,0.00047618472737856839,1.4303589958025881e-05,8.0891403384224171e-05,4.1250740487130238e-05,0.00032515110666264413,0.00027127069830297864,3.3361900551053918e-10,2.5689985328796213e-08
1.559708810415075e-06,0.11231402343110523,0.0,0.0,0.0,0.0,0.99874921759173962,0.00048223885591354752,1.4678713978115968e-05,8.4306870548794512e-05,4.2374968472148897e-05,0.00034155674856235936,0.00028559775390100983,3.5493277151555636e-10,2.8141951528409208e-08
1.5907499581361614e-06,0.11231632989784339,0.0,0.0,0.0,0.0,0.99870680249462729,0.00048814779893474646,1.5051404906993494e-05,8.7791366634102838e-05,4.3490990274067099e-05,0.00035837688205379463,0.00030030792456273565,3.7700068801542157e-10,3.0761005894028133e-08
1.6217911058572479e-06,0.1123186739516528,0.0,0.0,0.0,0.0,0.99866368296118502,0.00049391306242802012,1.5421452411265114e-05,9.1344291102781242e-05,4.4598094609375275e-05,0.00037560796091166499,0.00031539822415168353,3.9982027984812414e-10,3.3553380122900316e-08
1.6528322535783343e-06,0.11232105521324122,0.0,0.0,0.0,0.0,0.99861986591008833,0.00049953623481042216,1.578865853170528e-05,9.4965007249263957e-05,4.5695612394684763e-05,0.00039324619879182885,0.00033086542949681399,4.2338815836314227e-10,3.6525248632153464e-08
1.6838734012994207e-06,0.11232347328539019,0.0,0.0,0.0,0.0,0.99857535861116231,0.00050501898179542727,1.6152837522939863e-05,9.865284375914017e-05,4.6782916211391139e-05,0.00041128758429105676,0.00034670609484135006,4.4770005932783409e-10,3.9682716019660674e-08
1.7149145490205071e-06,0.11232592775428109,0.0,0.0,0.0,0.0,0.99853016866062094,0.00051036304126145552,1.6513815664498809e-05,0.00010240709633321419,4.7859419670485656e-05,0.00042972789580236401,0.00036291656609109221,4.727508823569904e-10,4.3031804964089613e-08
1.7459556967415935e-06,0.1123284181907895,0.0,0.0,0.0,0.0,0.99848430395682108,0.00051557021814208027,1.6871431045743757e-05,0.00010622702936564762,4.8924576686141143e-05,0.0004485627161307909,0.00037949299482940537,4.9853473158849605e-10,4.6578444603562265e-08
1.77699684446268e-06,0.11233094415174519,0.0,0.0,0.0,0.0,0.99843777267657641,0.00052064237935596546,1.7225533327295652e-05,0.00011011187766542684,4.9977880667005188e-05,0.00046778744683596021,0.00039643135206749293,5.2504495733662385e-10,5.0328459429040303e-08
1.8080379921837664e-06,0.11233350518115698,0.0,0.0,0.0,0.0,0.99839058325207375,0.00052558144879310295,1.7575983481473073e-05,0.00011406084821100167,5.1018863633847933e-05,0.00048739732227173353,0.00041372744170232876,5.5227419846675538e-10,5.4287558723320239e-08
1.8390791399048528e-06,0.11233610081140064,0.0,0.0,0.0,0.0,0.99834274434841574,0.00053038940237219788,1.7922653514087337e-05,0.00011807312192872701,5.2047095271745549e-05,0.00050738742329757731,0.00043137691365866671,5.8021442524921522e-10,5.8461326571034535e-08
1.8701202876259392e-06,0.11233873056436734,0.0,0.0,0.0,0.0,0.99829426484183326,0.00053506826318276083,1.8265426169861559e-05,0.00012214785548627955,5.3062181924683971e-05,0.00052775269063930154,0.00044937527669442379,6.0885698246367742e-10,6.2855212460514162e-08
1.9011614353470257e-06,0.11234139395257309,0.0,0.0,0.0,0.0,0.99824515379857393,0.00053962009672447043,1.8604194623705844e-05,0.00012628418309257918,5.4063765540299725e-05,0.00054848793787907915,0.00046771791085086688,6.3819263253928957e-10,6.7474522494468956e-08
1.932202583068112e-06,0.11234409048022789,0.0,0.0,0.0,0.0,0.99819542045450504,0.00054404700625530582,1.8938862160009062e-05,0.00013048121829619376,5.5051522572253331e-05,0.00056958786405718082,0.00048640007953139412,6.6821159852996409e-10,7.2324411222478989e-08
1.9632437307891985e-06,0.11234681964426421,0.0,0.0,0.0,0.0,0.99814507419543319,0.00054835112825868328,1.9269341841993742e-05,0.00013473805577477753,5.6025162847381047e-05,0.00059104706587070172,0.00050541694119538244,6.9890360673929248e-10,7.7409874104147977e-08
1.994284878510285e-06,0.11234958093532414,0.0,0.0,0.0,0.0,0.99809412453816315,0.00055253462803856899,1.9595556173065147e-05,0.00013905377310870532,5.698442840437569e-05,0.0006128600494573641,0.00052476356065619674,7.3025792882488758e-10,8.2735740607793458e-08
2.0253260262313714e-06,0.1123523738387055,0.0,0.0,0.0,0.0,0.99804258111229371,0.00055659969545037238,1.9917436751983028e-05,0.00014342743253262008,5.7929092310371417e-05,0.00063502124175487419,0.00054443491997471219,7.622634232270775e-10,8.8306667945954148e-08
2.056367173952458e-06,0.11235519783526651,0.0,0.0,0.0,0.0,0.99799045364276717,0.00056054854077436931,2.0234923923582928e-05,0.00014785808265913481,5.8858957461458727e-05,0.00065752500142851503,0.00056442592894175383,7.9490857578171345e-10,9.4127135445715784e-08
2.0874083216735442e-06,0.112358052402289,0.0,0.0,0.0,0.0,0.99793775193316603,0.00056438339073734797,2.0547966426664188e-05,0.00015234476016945522,5.9773855372793034e-05,0.0006803656293617456,0.00058473143514481624,8.2818153939144174e-10,1.0020143954876539e-07
2.1184494693946306e-06,0.11236093701430129,0.0,0.0,0.0,0.0,0.99788448584975997,0.00056810648468713849,2.0856521040549263e-05,0.00015688649146622976,6.0673644963574484e-05,0.00070353737870665757,0.00060534623361635281,8.6207017264419794e-10,1.0653368943316897e-07
2.149490617115717e-06,0.11236385114386023,0.0,0.0,0.0,0.0,0.99783066530629716,0.00057172007092369883,2.11605522317077e-05,0.00016148229428446158,6.1558211341783439e-05,0.00072703446449304851,0.00062626507606272652,8.9656207728167845e-10,1.1312780324619934e-07
2.1805317648368035e-06,0.11236679426229322,0.0,0.0,0.0,0.0,0.99777630024953812,0.00057522640318950031,2.1460031801729843e-05,0.00016613117925682238,6.2427464593175851e-05,0.0007508510727966271,0.00064748267967452988,9.3164463443399626e-10,1.1998750493515429e-07
2.21157291255789e-06,0.11236976584040136,0.0,0.0,0.0,0.0,0.99772140064551684,0.00057862773732109607,2.1754938537827586e-05,0.00017083215143018682,6.3281338578672971e-05,0.00077498136946843414,0.00066899373552044923,9.6730503954956508e-10,1.2711632166097923e-07
2.2426140602789763e-06,0.11237276534912356,0.0,0.0,0.0,0.0,0.99766597646652622,0.0005819263280629482,2.2045257866934619e-05,0.00017558421173066802,6.411978974391733e-05,0.00079941950842903607,0.00069079291652821321,1.0035303359614964e-09,1.3451758177761339e-07
2.2736552080000628e-06,0.11237579226016281,0.0,0.0,0.0,0.0,0.99761003767881185,0.00058512442604383272,2.2330981514376819e-05,0.00018038635837488016,6.4942795944409289e-05,0.00082415963953239144,0.00071287488505741956,1.0403074470434103e-09,1.4219441335831153e-07
2.304696355721149e-06,0.11237884604657646,0.0,0.0,0.0,0.0,0.99755359423095957,0.00058822427491542434,2.2612107167984207e-05,0.0001852375882255723,6.5750355289289849e-05,0.00084919591600549787,0.00073523430007013907,1.0776232069184649e-09,1.5014974324875108e-07
2.3357375034422356e-06,0.1123819261833289,0.0,0.0,0.0,0.0,0.99749665604296456,0.000591228108652045,2.2888638148421399e-05,0.00019013689809017711,6.6542485006504401e-05,0.00087452250147103134,0.00075786582390622941,1.1154643896957077e-09,1.5838629662552744e-07
2.366778651163322e-06,0.1123850321478111,0.0,0.0,0.0,0.0,0.99743923299596371,0.00059413814900994872,2.3160583086421759e-05,0.00019508328596118575,6.7319220331763045e-05,0.00090013357656111917,0.00078076412867114967,1.1538177372172427e-09,1.6690659703764328e-07
2.3978197988844085e-06,0.1123881634203247,0.0,0.0,0.0,0.0,0.99738133492261449,0.00059695660314399844,2.3427955607524116e-05,0.00020007575219760718,6.8080613423409709e-05,0.00092602334513126221,0.00080392390224486292,1.1926699853085669e-09,1.7571296690780035e-07
2.428860946605495e-06,0.11239131948453411,0.0,0.0,0.0,0.0,0.99732297159810235,0.00059968566137910684,2.3690774024829066e-05,0.00020511330064709125,6.8826732305023636e-05,0.00095218604008414265,0.00082733985392109265,1.2320078885324452e-09,1.8480752846969322e-07
2.4599020943265813e-06,0.11239449982788643,0.0,0.0,0.0,0.0,0.9972641527317565,0.00060232749513338562,2.3949061040213662e-05,0.00021019493970859159,6.9557659837302769e-05,0.00097861592881370017,0.00085100671968677899,1.2718182434540755e-09,1.9419220511707258e-07
2.4909432420476677e-06,0.11239770394200094,0.0,0.0,0.0,0.0,0.99720488795925621,0.00060488425498957566,2.4202843454370854e-05,0.00021531968333571606,7.0273492720522799e-05,0.0010053073182803929,0.00087491926715207991,1.3120879104319547e-09,2.0386872314008372e-07
2.521984389768754e-06,0.1124009313230288,0.0,0.0,0.0,0.0,0.99714518683540487,0.00060735806891098793,2.4452151885971125e-05,0.00022048655198116088,7.0974340528624709e-05,0.0010322545597289952,0.0008990723001416586,1.3528038339548173e-09,2.1383861382427228e-07
2.5530255374898406e-06,0.11240418147198457,0.0,0.0,0.0,0.0,0.99708505882745513,0.00060975104059792418,2.4697020500180713e-05,0.00022569457348284766,7.1660324775760486e-05,0.0010594520530606516,0.00092346066295833122,1.3939530615503789e-09,2.241032158876847e-07
2.584066685210927e-06,0.11240745389505026,0.0,0.0,0.0,0.0,0.99702451330896202,0.00061206524798028546,2.4937486746711413e-05,0.0002309427838925857,7.2331578015917447e-05,0.0010868942508711799,0.00094807924433039316,1.4355227612963086e-09,2.3466367823164391e-07
2.6461489806531e-06,0.11241406361562992,0.0,0.0,0.0,0.0,0.99690220673397656,0.00061646554490051042,2.5405376880418351e-05,0.00024155596115002891,7.3630471807189669e-05,0.0011424908549771411,0.00099798686058596921,1.5198729475727404e-09,2.5667584952006242e-07
2.7020230465510556e-06,0.11242008370272888,0.0,0.0,0.0,0.0,0.99679079485886324,0.00062017671054348186,2.5811856148604425e-05,0.00025123579066651868,7.4750622097662257e-05,0.0011933102398955452,0.0010436408182860541,1.5971004130714607e-09,2.7750639858908411e-07
2.7578971124490113e-06,0.11242616854197984,0.0,0.0,0.0,0.0,0.99667817119913149,0.00062366368583134245,2.6204778661119722e-05,0.00026103129213484946,7.5825521970201179e-05,0.0012448389631544072,0.001089963578543374,1.6754977267929756e-09,2.9930507547019087e-07
2.813771178346967e-06,0.11243231546904647,0.0,0.0,0.0,0.0,0.99656438639837652,0.00062693750453463937,2.6584450605674293e-05,0.00027093723002210928,7.6856237301894495e-05,0.0012970469985456382,0.0011369273534434562,1.7549962389802472e-09,3.2207217382875352e-07
2.8696452442449228e-06,0.11243852189447734,0.0,0.0,0.0,0.0,0.99644948978685588,0.00063000885175771052,2.6951195119193772e-05,0.00028094850251579855,7.7843889721176433e-05,0.0013499050928937649,0.0011845050393099613,1.8355295207802103e-09,3.4580629704406912e-07
2.9255193101428785e-06,0.11244478529748736,0.0,0.0,0.0,0.0,0.99633352933730335,0.0006328880544311387,2.7305348957564576e-05,0.00029106014860086842,7.8789645212634345e-05,0.0014033847963728617,0.0012326702476441163,1.9170334978624042e-09,3.705044438167906e-07
2.9813933760408342e-06,0.11245110323342813,0.0,0.0,0.0,0.0,0.99621655163183231,0.00063558507477982972,2.7647259468889067e-05,0.00030126735369552635,7.9694703789263345e-05,0.0014574584856532327,0.0012813973292372773,1.9994465427872625e-09,3.9616209696756373e-07
3.03726744193879e-06,0.11245747333136139,0.0,0.0,0.0,0.0,0.99609860183864729,0.0006381095064046362,2.797728185392485e-05,0.00031156545398873254,8.0560290156264956e-05,0.0015120993806949851,0.0013306613922304418,2.0827095436910294e-09,4.2277331429905416e-07
3.0931415078367457e-06,0.11246389329628595,0.0,0.0,0.0,0.0,0.99597972369790133,0.00064047057280132522,2.8295776707344352e-05,0.00032194993954953076,8.1387645340548563e-05,0.0015672815556035551,0.0013804383145093618,2.1667659526207608e-09,4.5033082081396409e-07
3.1490155737347014e-06,0.11247036090864962,0.0,0.0,0.0,0.0,0.99585995951547002,0.00064267712797775255,2.8603107817034493e-05,0.00033241645634877586,8.2178019215991589e-05,0.0016229799443337729,0.0014307047511736542,2.2515618011315676e-09,4.7882610129744218e-07
3.204889639632657e-06,0.11247687402446227,0.0,0.0,0.0,0.0,0.99573935016366732,0.00064473765890730008,2.8899640204476081e-05,0.00034296080730476152,8.2932663867935286e-05,0.0016791703418548866,0.0014814381376551874,2.3370456981319017e-09,5.0824949247495088e-07
3.260763705530613e-06,0.1124834305746638,0.0,0.0,0.0,0.0,0.99561793508805219,0.00064666028957279659,2.9185738390465805e-05,0.00035357895246009485,8.3652827734922262e-05,0.0017358294013345471,0.0015326166890122089,2.4231688197305986e-09,5.3859027407824731e-07
3.3166377714285686e-06,0.1124900285644465,0.0,0.0,0.0,0.0,0.99549575231961096,0.00064845278640147442,2.946176487116571e-05,0.00036426700838008513,8.4339750474542773e-05,0.0017929346277939812,0.0015842193958245754,2.5098848725993828e-09,5.6983675830160701e-07
3.3725118373265244e-06,0.11249666607225908,0.0,0.0,0.0,0.0,0.99537283849164715,0.00065012256489600318,2.972807878794208e-05,0.00037502124686250257,8.4994658499235303e-05,0.0018504643686755441,0.0016362260171044805,2.5971500436146102e-09,6.0197637719344007e-07
3.42838590322448e-06,0.11250334124865427,0.0,0.0,0.0,0.0,0.99524922886071332,0.00065167669727499795,2.998503477536664e-05,0.00038583809304607443,8.5618761127421729e-05,0.0019083978017484687,0.0016886170706237233,2.6849229523007631e-09,6.3499576757780327e-07
3.484259969122436e-06,0.11251005231494356,0.0,0.0,0.0,0.0,0.99512495733097306,0.00065312192094665129,3.0232981972497529e-05,0.00039671412300148963,8.6213247295351754e-05,0.001966714920755579,0.0017413738210377281,2.7731645829756637e-09,6.6888085315835563e-07
3.5401340350203916e-06,0.11251679756172049,0.0,0.0,0.0,0.0,0.99500005648143208,0.00065446464765870987,3.0472263182817501e-05,0.00040764606088095892,8.67792827787992e-05,0.002025396519160028,0.0017944782661450569,2.8618382040859322e-09,7.0361692353036153e-07
3.5960081009183473e-06,0.11252357534726565,0.0,0.0,0.0,0.0,0.99487455759556331,0.00065571097318669637,3.0703214168820083e-05,0.00041863077569486172,8.7318007877281096e-05,0.0020844241723087195,0.001847913121581202,2.9509092998499712e-09,7.391887098963567e-07
3.651882166816303e-06,0.11253038409586215,0.0,0.0,0.0,0.0,0.9947484906928874,0.00065686668743756562,3.0926163068475405e-05,0.00042966527777771649,8.7830535516049315e-05,0.0021437802182954781,0.0019016618042143245,3.0403454877638456e-09,7.7558045733602303e-07
3.7077562327142588e-06,0.11253722229603698,0.0,0.0,0.0,0.0,0.99462188456211731,0.00065793728485764435,3.11414299216869e-05,0.0004407467150007158,8.8317949723415784e-05,0.0022034477377819725,0.001955708414487457,3.1301164209750236e-09,8.1277599352391627e-07
3.7636302986122145e-06,0.11254408849874586,0.0,0.0,0.0,0.0,0.99449476679550497,0.00065892797504485379,3.1349326295318877e-05,0.00045187236878314825,8.8781304443819292e-05,0.0022634105330108503,0.0020100377179294768,3.2201937105875183e-09,8.5075879382709442e-07
3.81950436451017e-06,0.11255098131551731,0.0,0.0,0.0,0.0,0.99436716382407975,0.00065984369347692412,3.1550154996071744e-05,0.00046303964994981472,8.9221622649938816e-05,0.0023236531062203899,0.002064635126033517,3.3105508409501045e-09,8.8951204275180842e-07
3.875378430408126e-06,0.1125578994165699,0.0,0.0,0.0,0.0,0.99423910095348622,0.00066068911227883684,3.1744209861466549e-05,0.00047424609447631371,8.963989571991778e-05,0.0023841606376445736,0.0021194866766778694,3.4011630646520719e-09,9.2901869174226541e-07
3.931252496306082e-06,0.11256484152891588,0.0,0.0,0.0,0.0,0.99411060240018556,0.00066146865096311947,3.1931775620046091e-05,0.00048548935915925325,9.0037083048514997e-05,0.0024449189632596794,0.0021745790142431855,3.4920073226365082e-09,9.6926151336318297e-07
3.9871265622040374e-06,0.11257180643446107,0.0,0.0,0.0,0.0,0.99398169132779957,0.00066218648708571903,3.211312781253853e-05,0.00049676721724416727,9.0414111863694162e-05,0.0025059145524190061,0.0022298993695613924,3.5830621661665487e-09,1.0102231519211952e-06
4.043000628101993e-06,0.11257879296811067,0.0,0.0,0.0,0.0,0.99385238988340874,0.00066284656676822136,3.2288532766398536e-05,0.00050807755404003207,9.0771877222620866e-05,0.0025671344855000451,0.0022854355398154685,3.6743076511015221e-09,1.0518861705993864e-06
4.098874693999949e-06,0.11258580001588812,0.0,0.0,0.0,0.0,0.99372271923364297,0.00066345261504450938,3.245824761686229e-05,0.0005194183625456452,9.1111242163306147e-05,0.0026285664316720489,0.0023411758684940571,3.7657252592774846e-09,1.094233095195363e-06
4.154748759897905e-06,0.11259282651307505,0.0,0.0,0.0,0.0,0.99359269960041496,0.00066400814599689069,3.2622520368298555e-05,0.00053078773910971387,9.1433037990352797e-05,0.0026901986268768529,0.0023971092254906523,3.8572978331679325e-09,1.1372464545668076e-06
4.21062282579586e-06,0.1125998714423774,0.0,0.0,0.0,0.0,0.99346235029618435,0.00066451647265299105,3.2781589990201615e-05,0.00054218387914337671,9.1738064675399877e-05,0.0027520198521021515,0.0024532249874241875,3.9490094742416892e-09,1.1809088178994159e-06
4.266496891693816e-06,0.11260693383212309,0.0,0.0,0.0,0.0,0.99333168975864672,0.00066498071662008079,3.2935686542720476e-05,0.00055360507290105442,9.2027091354809641e-05,0.002814019412013976,0.002509513018246251,4.0408454662000998e-09,1.2252028289203473e-06
4.322370957591772e-06,0.11261401275449544,0.0,0.0,0.0,0.0,0.99320073558475896,0.00066540381743839406,3.3085031327154906e-05,0.0005650497013430215,9.2300856908910048e-05,0.002876187114004392,0.0025659636501900087,4.1327922259611119e-09,1.2701112371862091e-06
4.3782450234897276e-06,0.1126211073238055,0.0,0.0,0.0,0.0,0.99306950456403242,0.00066578854163932459,3.3229837057323821e-05,0.00057651623209081261,9.2560070608755952e-05,0.0029385132477008119,0.002622567665106768,4.2248372099418217e-09,1.3156169265786388e-06
4.434119089387683e-06,0.11262821669480609,0.0,0.0,0.0,0.0,0.9929380127110391,0.00066613749149804855,3.3370308048135368e-05,0.00058800321548454864,9.2805412817909051e-05,0.0030009885649744973,0.0026793162762278884,4.3169688376216738e-09,1.3617029411430236e-06
4.489993155285639e-06,0.11263534006105008,0.0,0.0,0.0,0.0,0.99280627529707566,0.00066645311347347694,3.3506640418089606e-05,0.00059950928074942319,9.3037535738141713e-05,0.0030636042604780633,0.002736201110382397,4.4091764604086469e-09,1.4083525084069689e-06
4.545867221183595e-06,0.11264247665329381,0.0,0.0,0.0,0.0,0.99267430688095959,0.00066673770633149214,3.3639022302821422e-05,0.00061103313227697928,9.3257064189243241e-05,0.0031263519527350895,0.0027932141906941424,4.5014502795221948e-09,1.455549060314992e-06
4.6017412870815505e-06,0.11264962573794839,0.0,0.0,0.0,0.0,0.99254212133892505,0.00066699342894976314,3.3767634077127166e-05,0.00062257354602536226,9.346459641426937e-05,0.0031892236657987236,0.0028503479197766104,4.5937812669768367e-09,1.5032762519146467e-06
4.657615352979506e-06,0.11265678661557735,0.0,0.0,0.0,0.0,0.99240973189359938,0.00066722230780458074,3.3892648583218924e-05,0.0006341293660414904,9.3660704902639265e-05,0.0032522118114909127,0.0029075950634385008,4.6861611519082972e-09,1.5515179779271658e-06
4.713489418877462e-06,0.11266395861944388,0.0,0.0,0.0,0.0,0.99227715114205539,0.00066742624414217354,3.4014231363226297e-05,0.00064569950110697375,9.3845937224437836e-05,0.0033153091722294844,0.0029649487349087469,4.7785823541398415e-09,1.6002583873329067e-06
4.769363484775418e-06,0.11267114111410553,0.0,0.0,0.0,0.0,0.99214439108292241,0.0006676070208383655,3.4132540894218613e-05,0.00065728292150866096,9.4020816870143899e-05,0.0033785088844460998,0.0030224023795858541,4.8710378990632882e-09,1.6494818960984477e-06
4.8252375506733734e-06,0.11267833349405773,0.0,0.0,0.0,0.0,0.99201146314257205,0.0006677663089516945,3.4247728824246579e-05,0.00066887865593386053,9.4185844090783754e-05,0.0034418044225945914,0.0030799497603130649,4.9635214189370398e-09,1.6991731981683312e-06
4.881111616571329e-06,0.11268553518242488,0.0,0.0,0.0,0.0,0.9918783782003654,0.00066790567397640008,3.4359940208103404e-05,0.00068048578848956269,9.4341496734207475e-05,0.0035051895837464233,0.0031375849431779582,5.056027106970313e-09,1.7493172748401285e-06
4.936985682469285e-06,0.1126927456296997,0.0,0.0,0.0,0.0,0.99174514661298541,0.00066802658180247832,3.4469313741688565e-05,0.00069210345584439848,9.4488231073812761e-05,0.0035686584727673823,0.0031953022838327001,5.1485496227735237e-09,1.7998994026370739e-06
4.992859748367241e-06,0.11269996431252872,0.0,0.0,0.0,0.0,0.99161177823785729,0.00066813040439052081,3.4575981994020049e-05,0.00070373084449153937,9.4626482626597295e-05,0.0036322054880672636,0.0032530964143289913,5.2410841038605246e-09,1.8509051597876815e-06
5.048733814265196e-06,0.11270719073254415,0.0,0.0,0.0,0.0,0.99147828245567526,0.00066821842516991993,3.4680071636087768e-05,0.00071536718813032605,9.4756666957918512e-05,0.0036958253079128452,0.0033109622304600375,5.3336261459002091e-09,1.9023204314169387e-06
5.104607880163152e-06,0.11271442441524154,0.0,0.0,0.0,0.0,0.99134466819205147,0.00066829184416934858,3.4781703665868857e-05,0.00072701176516405501,9.4879180470780326e-05,0.0037595128772928417,0.003368894879600379,5.42617169650567e-09,1.9541314135487554e-06
5.160481946061108e-06,0.1127216649089006,0.0,0.0,0.0,0.0,0.99121094393830522,0.00066835178288846616,3.4880993628941602e-05,0.0007386638963110669,9.4994401177859615e-05,0.0038232633953220719,0.0034268897490331712,5.5187170696412775e-09,2.0063246160143827e-06
5.2163560119590636e-06,0.1127289117835497,0.0,0.0,0.0,0.0,0.99107711777141627,0.00066839928892033218,3.4978051834236396e-05,0.00075032294232604249,9.5102689454830519e-05,0.0038870723031713961,0.003484942454753572,5.6112589582459844e-09,2.058886864356551e-06
5.297537319868146e-06,0.11273945154740797,0.0,0.0,0.0,0.0,0.99088251129699612,0.00066844814795432098,3.5115308835203245e-05,0.00076727385915100073,9.5248372396678917e-05,0.003979877632740797,0.0035693837485686092,5.7457037829822318e-09,2.1358876535110067e-06
5.378718627777229e-06,0.11275000274004342,0.0,0.0,0.0,0.0,0.99068772798279703,0.00066847557045652997,3.5248380817262516e-05,0.00078423639938613539,9.5381135929292494e-05,0.0040727846710834747,0.0036539263772265504,5.8801265114730813e-09,2.213602177097754e-06
5.459899935686311e-06,0.11276056426273019,0.0,0.0,0.0,0.0,0.99049278841988964,0.00066848404739343868,3.5377552524418616e-05,0.00080120899848820865,9.5501905492961515e-05,0.0041657818694548713,0.0037385591986405209,6.0145201707257047e-09,2.2919935959029735e-06
