,base.py,chemkin.py,model.py,model.py,poll.py,~,~,~,~,~,~,~,~,~,~,~
,1260,1659,234,1066,77,0,0,0,0,0,0,0,0,0,0,0
,isMoleculeForbidden,markDuplicateReaction,checkForExistingSpecies,removeSpeciesFromEdge,poll,<gc.collect>,<method 'copy' of 'rmgpy.molecule.molecule.Molecule' objects>,<method 'generateResonanceIsomers' of 'rmgpy.molecule.molecule.Molecule' objects>,<method 'generateResonanceIsomers' of 'rmgpy.species.Species' objects>,<method 'isCyclic' of 'rmgpy.molecule.graph.Graph' objects>,<method 'isIsomorphic' of 'rmgpy.molecule.molecule.Molecule' objects>,<method 'isIsomorphic' of 'rmgpy.species.Species' objects>,<method 'isSubgraphIsomorphic' of 'rmgpy.molecule.molecule.Molecule' objects>,<method 'simulate' of 'rmgpy.solver.base.ReactionSystem' objects>,<method 'split' of 'rmgpy.molecule.molecule.Molecule' objects>,<method 'update' of 'rmgpy.molecule.molecule.Molecule' objects>
,,,,,,,,,,,,,,,,
0,0.0,0.0,0.0,0.0,0.0,0.0,0.0,0.0,0.0,0.0,0.0,0.0,0.0,0.0,0.0,0.0
1,101.590027,548.11309,349.282828,0.0,0.0,0.0,246.982692,904.549757,108.719126,95.676194,285.896314,119.293697,246.667716,0.0,0.0,0.0
2,112.033901,601.516799,370.774157,0.0,0.0,0.0,272.543595,974.336325,118.618967,99.617665,302.329295,128.111683,270.222369,0.0,99.830644,0.0
3,118.192927,631.546807,379.331334,0.0,0.0,0.0,285.860899,1001.093008,121.933119,100.525199,312.694902,134.031612,288.137079,0.0,107.446299,0.0
4,129.735577,672.14434,428.003539,132.447968,0.0,0.0,319.778363,1167.737159,136.896461,105.789961,362.124973,149.625979,320.875718,0.0,121.309029,0.0
5,139.38798,717.585866,469.883763,146.131296,0.0,0.0,355.519853,1333.962104,149.971985,110.455197,407.09114,176.27689,348.533653,0.0,133.143429,0.0
6,163.117417,741.500174,496.240741,159.681202,0.0,0.0,408.689611,1526.935587,173.71795,116.128556,447.017846,190.412468,401.431194,0.0,163.637451,0.0
7,173.990628,753.00777,508.396798,180.901967,0.0,0.0,471.320894,1564.166677,179.268116,117.093769,462.215339,192.640039,442.916181,0.0,187.673704,0.0
8,190.94821,774.252448,532.119361,191.262795,0.0,0.0,546.000159,1631.030531,187.131622,118.642677,489.56586,198.31224,499.993748,0.0,217.996258,0.0
9,204.12127,785.509973,549.98968,208.987813,0.0,0.0,598.435858,1785.50114,208.694835,120.337087,525.228868,204.87405,541.123321,0.0,238.200882,0.0
10,225.511077,797.653909,586.881697,221.463009,0.0,0.0,717.123417,2144.320219,246.894353,123.315769,591.988325,212.251503,626.367576,0.0,294.780689,0.0
11,247.915469,809.927064,618.834552,242.607267,0.0,0.0,834.526995,2506.087491,285.130515,126.252007,662.651825,222.533953,716.852559,0.0,352.874867,248.205197
12,270.667021,821.804877,655.961509,256.498697,0.0,0.0,985.699412,2856.937808,324.395708,129.35384,729.172799,234.338923,807.319206,0.0,412.792699,279.040462
13,294.422365,833.039876,691.676701,269.799452,0.0,0.0,1126.591352,3236.669828,362.529927,132.494392,802.604684,246.570466,901.582861,0.0,474.59954,310.996127
14,318.492206,845.048144,725.101019,269.799452,0.0,0.0,1272.667413,3609.936731,395.232447,135.536283,880.957815,261.935941,999.970903,0.0,538.147338,343.771369
15,343.781059,857.041622,759.458305,283.719482,0.0,0.0,1441.75486,3982.854094,428.197916,138.808875,960.836828,278.199191,1101.35271,0.0,603.880147,377.952005
16,369.385798,869.140327,795.059139,297.642012,0.0,0.0,1578.132794,4390.29061,466.72218,142.093751,1040.706546,295.272203,1204.349124,0.0,680.032251,412.466483
17,395.198875,880.90509,830.713201,311.003576,0.0,0.0,1718.162965,4810.348562,505.653128,145.28825,1124.023519,312.821185,1307.783924,0.0,747.381513,447.52433
18,447.99373,905.304415,896.203398,323.215568,0.0,0.0,2028.404714,5631.637876,574.688054,151.142953,1289.143321,347.929432,1519.521052,0.0,885.199698,519.617134
19,479.722956,928.939476,935.005944,349.815269,0.0,0.0,2231.286333,6032.580433,608.797038,158.06781,1389.774801,362.527071,1637.765116,0.0,971.773561,559.642493
20,507.681331,941.347362,967.859845,366.791837,0.0,0.0,2421.299414,6439.518097,643.436972,161.027156,1478.294651,376.752453,1751.30729,0.0,1044.722621,597.725795
21,535.744796,953.246552,1004.800447,393.091201,0.0,0.0,2614.012273,6848.402728,689.782755,164.491732,1569.486895,388.664141,1863.681337,0.0,1118.550302,635.771414
22,564.37497,965.776385,1039.737603,393.091201,0.0,0.0,2786.320136,7271.242125,723.076821,167.536074,1660.588583,403.299091,1979.213174,0.0,1205.769721,674.626431
23,593.171253,977.552422,1074.33776,411.282069,0.0,0.0,2987.435185,7688.191866,757.114569,170.588305,1752.849842,418.955448,2098.173975,0.0,1280.965627,713.815056
24,622.150203,989.287121,1109.573135,425.876328,0.0,0.0,3167.940657,8136.974625,792.546495,173.753953,1846.433947,435.479093,2215.223068,0.0,1357.291385,753.355213
25,651.96145,1001.060636,1144.127926,438.266344,0.0,0.0,3350.724123,8590.506424,831.206477,176.695407,1940.953068,452.289819,2333.687384,0.0,1434.500654,793.50432
26,682.365226,1012.789651,1179.191885,450.638686,0.0,0.0,3539.171554,9049.548339,870.011603,179.81498,2039.591081,469.752651,2454.393763,0.0,1513.794545,834.767224
27,713.12635,1024.624142,1213.079235,464.670939,0.0,0.0,3728.231556,9481.003822,916.042401,182.950083,2137.589493,487.391386,2576.158557,0.0,1608.049243,875.986713
28,743.718009,1036.375722,1246.576477,478.598906,0.0,0.0,3922.095569,9927.926774,949.194566,185.955851,2233.529848,503.423982,2701.290731,0.0,1688.843705,917.818358
29,774.870781,1048.566346,1280.270088,491.39167,0.0,0.0,4151.321245,10351.506559,982.474819,189.155182,2329.917783,517.904973,2827.625196,0.0,1769.955207,959.549424
30,808.392401,1061.160707,1316.636783,518.157135,0.0,0.0,4357.815971,10817.156301,1017.141465,192.889767,2438.277175,532.353506,2963.572124,0.0,1872.600813,1004.498656
31,883.020564,1124.034368,1420.796758,544.759847,0.0,0.0,4776.909307,11934.155674,1077.781808,202.686521,2702.553446,574.070311,3256.32645,0.0,2053.790409,1099.464431
32,898.137642,1145.13605,1436.716595,544.759847,0.0,0.0,4809.938043,11996.756792,1096.258654,206.743334,2739.985921,580.340724,3300.187704,0.0,2092.26506,1114.642269
33,905.521132,1156.966364,1443.709091,544.759847,0.0,0.0,4825.779222,12021.730883,1098.330838,208.522617,2753.836315,583.392055,3321.078385,0.0,2101.653472,1121.911504
34,905.931468,1157.986903,1444.411394,544.759847,0.0,0.0,4826.79304,12023.687584,1098.63734,208.651637,2755.625182,584.446643,3322.496265,0.0,2102.327163,1122.342805
35,905.977347,1158.188634,1444.700009,544.759847,0.0,0.0,4827.058379,12024.936563,1098.849829,208.704883,2755.63691,584.881144,3322.817666,0.0,2102.489966,1122.426308
36,906.025401,1158.369012,1444.980947,544.759847,0.0,0.0,4827.336052,12026.222294,1099.090588,208.742146,2755.652303,585.312026,3323.144103,0.0,2102.655312,1122.510205
37,906.068141,1158.576643,1445.280814,544.759847,0.0,0.0,4827.572298,12027.430379,1099.326644,208.783151,2755.662268,585.791002,3323.499912,0.0,2102.810907,1122.588256
38,906.60192,1159.84633,1446.050515,544.759847,0.0,0.0,4828.986919,12030.798476,1099.718428,208.91153,2758.037787,586.987648,3326.330485,0.0,2103.733451,1123.184116
39,912.154706,1161.86013,1452.064377,682.121461,0.0,0.0,4863.569069,12076.759869,1104.130287,209.405364,2769.654065,589.460136,3345.181449,0.0,2114.09903,1129.138614
40,912.92359,1162.106872,1452.782816,687.1372,0.0,0.0,4865.52924,12081.11439,1104.326428,209.424599,2771.286368,589.632009,3349.454752,0.0,2115.220084,1129.973464
41,915.277435,1162.340705,1454.77479,687.429221,0.0,0.0,4875.507736,12108.877756,1105.959131,209.631583,2788.941029,590.891896,3360.583058,0.0,2122.183922,1133.336686
42,918.630765,1162.762248,1458.661294,691.901099,0.0,0.0,4889.540658,12148.933083,1109.011807,209.902631,2804.157832,592.349718,3378.171647,0.0,2132.120535,1138.209667
43,922.052877,1163.148378,1462.448703,692.253634,0.0,0.0,4903.760147,12190.175135,1111.93395,210.153282,2819.357879,593.891314,3394.885184,0.0,2142.178824,1143.09199
44,925.243205,1163.542503,1466.061266,692.812996,0.0,0.0,4917.069959,12228.934873,1114.820512,210.365214,2834.391544,595.474117,3409.890661,0.0,2151.590066,1147.662492
45,928.940137,1163.935952,1469.331383,693.441146,0.0,0.0,4932.487175,12273.363226,1117.659386,210.572336,2852.7494,597.11682,3426.728808,0.0,2162.474725,1152.947561
46,932.231969,1164.305523,1472.972617,694.033667,0.0,0.0,4946.360611,12313.141873,1120.567652,210.811246,2868.491909,598.961713,3443.299174,0.0,2172.290169,1157.77649
47,935.82081,1164.667662,1476.647976,695.410233,0.0,0.0,4961.24758,12353.953399,1123.442539,211.069405,2884.400964,600.816095,3461.802205,0.0,2182.644359,1162.738218
48,939.115186,1165.04756,1480.131567,695.410233,0.0,0.0,4975.144469,12392.634646,1126.275822,211.30728,2900.376343,602.898185,3478.588393,0.0,2192.37048,1167.525984
49,942.246975,1165.336443,1483.581357,696.169414,0.0,0.0,4988.373499,12429.219594,1129.239775,211.52376,2915.312622,604.965668,3494.657742,0.0,2201.674812,1171.991599
50,947.824048,1166.371178,1489.496918,696.654837,0.0,0.0,5027.194105,12473.324482,1133.278692,211.919399,2938.627691,607.551289,3518.385287,0.0,2216.768004,1179.473038
51,950.183579,1166.580436,1491.383923,697.928689,0.0,0.0,5037.308612,12502.227944,1134.909815,212.110127,2956.347035,608.828743,3529.155674,0.0,2223.829854,1182.87307
52,959.417717,1170.016435,1499.449112,698.613527,0.0,0.0,5056.563873,12532.523128,1139.589162,212.990263,2967.577414,611.357385,3557.397826,0.0,2235.104586,1191.57112
53,982.139115,1173.568317,1512.266629,700.246634,0.0,0.0,5155.908693,12739.511851,1147.994387,215.796081,3004.506197,614.67396,3642.536986,0.0,2285.623275,1219.117566
54,990.585981,1175.185529,1521.156042,700.920831,0.0,0.0,5206.168895,12822.439419,1153.348439,216.603869,3044.45977,619.678095,3676.884772,0.0,2307.74428,1230.147115
55,995.818084,1175.787597,1526.882576,713.104159,0.0,0.0,5246.125531,12895.043291,1158.699868,217.21881,3079.527759,622.378734,3700.187651,0.0,2322.789506,1237.471685
56,1006.675336,1181.438735,1541.168222,717.050664,0.0,0.0,5291.970012,13005.337393,1167.927721,218.832482,3118.878902,628.685681,3738.057815,0.0,2340.415593,1248.437002
57,1017.498984,1186.5838,1550.80987,720.614187,0.0,0.0,5310.874771,13050.78123,1171.042154,220.942088,3140.067942,631.44518,3765.986004,0.0,2351.300629,1257.870846
58,1028.547027,1194.355052,1563.947407,720.663646,0.0,0.0,5357.370505,13156.767138,1178.435567,222.719341,3183.259548,636.393903,3800.758566,0.0,2369.498573,1269.26188
59,1037.99048,1199.159812,1573.231571,738.301388,0.0,0.0,5374.860662,13200.491892,1182.58244,224.549002,3199.439208,639.734754,3823.257879,0.0,2377.811118,1277.10351
60,1053.016859,1210.532966,1588.148729,747.031653,0.0,0.0,5396.505691,13273.942128,1187.383523,227.292972,3223.39038,645.315415,3856.130867,0.0,2388.890925,1288.695572
61,1061.5155,1215.309134,1596.373203,770.950868,0.0,0.0,5410.040996,13313.650387,1191.224821,228.888902,3237.097979,648.051901,3875.947082,0.0,2395.886137,1295.566567
62,1067.927105,1220.664039,1603.358852,771.560657,0.0,0.0,5418.350761,13346.080926,1193.45727,230.011879,3245.509249,650.606273,3888.612702,0.0,2399.850113,1300.109679
63,1077.678785,1226.261902,1612.278044,789.76617,0.0,0.0,5435.311117,13389.36572,1196.552139,231.87617,3262.513208,653.994831,3912.346672,0.0,2409.064468,1308.402094
64,1083.765714,1228.819905,1618.155192,803.700968,0.0,0.0,5447.210959,13416.058978,1198.805067,233.174275,3277.605249,655.81882,3931.465792,0.0,2415.797759,1313.835535
65,1096.70514,1233.940673,1630.90733,811.836519,0.0,0.0,5496.154615,13469.057774,1203.38786,235.963226,3308.512259,659.289122,3971.729619,0.0,2432.82098,1326.397681
66,1098.840167,1234.967193,1633.316458,820.809821,0.0,0.0,5501.626645,13480.240548,1204.156077,236.324069,3315.949318,660.540798,3978.549786,0.0,2435.939406,1328.620268
67,1100.706535,1235.861003,1634.897069,827.300559,0.0,0.0,5506.776607,13489.886884,1204.540271,236.509827,3322.299321,661.626946,3984.997012,0.0,2438.575965,1330.49319
68,1110.557106,1241.86176,1645.474619,827.300559,0.0,0.0,5522.898957,13562.29356,1210.245546,238.055358,3339.990541,665.354689,4010.722146,0.0,2447.491325,1338.63527
69,1114.76788,1242.53265,1649.713392,841.589044,0.0,0.0,5533.443538,13602.840543,1213.420735,238.551352,3350.234156,666.894066,4025.643426,0.0,2453.949522,1343.405691
70,1129.143221,1245.009985,1665.995794,842.594196,0.0,0.0,5570.36895,13833.59683,1227.679999,240.335056,3411.165732,672.317791,4073.640223,0.0,2477.509967,1360.19708
71,1143.439685,1247.303891,1683.11777,854.58978,0.0,0.0,5628.261406,14053.845554,1242.724029,242.115103,3476.903779,678.954087,4120.883854,0.0,2501.249764,1376.991017
72,1156.483724,1249.505519,1696.786023,855.80969,0.0,0.0,5682.547501,14230.129151,1253.952989,243.68516,3534.12626,685.999827,4164.624425,0.0,2522.471289,1392.121159
73,1173.183237,1252.3404,1714.004031,860.041527,0.0,0.0,5767.958552,14463.554689,1268.953909,245.647334,3612.636242,694.77182,4219.856315,0.0,2549.997272,1411.905105
74,1187.637252,1254.771671,1730.084305,864.896134,0.0,0.0,5846.826592,14656.935308,1283.435518,247.48255,3676.410992,703.410024,4267.983611,0.0,2574.055181,1429.135308
75,1202.130643,1257.221806,1744.91248,868.978191,0.0,0.0,5905.600177,14872.940007,1297.180563,249.176249,3740.984895,712.113089,4315.777139,0.0,2597.840461,1446.51495
76,1217.010615,1259.783878,1760.267167,873.909828,0.0,0.0,5963.760461,15090.945216,1311.186105,250.901417,3808.533458,720.743382,4364.969768,0.0,2622.323658,1463.878108
77,1232.175545,1262.39164,1777.087785,878.969503,0.0,0.0,6045.948128,15293.62366,1326.207394,252.679077,3876.227098,729.78509,4417.218047,0.0,2647.386675,1481.662531
78,1232.642274,1262.769702,1777.815055,883.529644,0.0,0.0,6046.703074,15297.43911,1326.459262,252.808812,3877.192153,730.304107,4418.330237,0.0,2647.747819,1482.020893
79,1241.959246,1264.399299,1787.63121,887.982494,0.0,0.0,6092.906508,15428.348675,1335.293206,253.904456,3919.368184,735.224806,4449.374647,0.0,2663.041484,1492.889662
80,1258.925728,1269.628944,1804.13617,893.621368,0.0,0.0,6148.964599,15545.209773,1346.729008,255.42849,3956.344763,740.158397,4499.448348,0.0,2682.296544,1509.355406
81,1286.562911,1275.985365,1822.554638,896.871717,0.0,0.0,6236.58058,15760.42858,1385.253722,257.132231,3987.031675,752.216913,4598.845114,0.0,2731.79787,1542.709453
82,1286.583471,1276.0378,1822.62819,901.526982,0.0,0.0,6236.674256,15760.486612,1385.317228,257.160211,3987.035306,752.228132,4598.982785,0.0,2731.851438,1542.736216
83,1293.58333,1282.789676,1833.702291,901.526982,0.0,0.0,6244.622194,15829.080784,1390.705801,258.59929,3998.11187,756.609213,4612.940843,0.0,2735.677022,1547.667676
84,1296.907033,1283.347811,1838.153794,918.809967,0.0,0.0,6253.479954,15877.482775,1393.308739,259.194783,4017.566606,759.693126,4624.120631,0.0,2741.26357,1551.633596
85,1304.53245,1284.434511,1845.973537,936.022091,0.0,0.0,6294.874321,15982.557954,1400.121345,260.109139,4059.483152,762.964335,4652.341679,0.0,2754.522136,1560.886138
86,1307.05497,1284.796811,1849.526396,945.985521,0.0,0.0,6301.881516,16024.56922,1402.543697,260.566044,4079.508977,764.951114,4661.868751,0.0,2758.95086,1564.042895
87,1312.080282,1285.350418,1854.759975,946.9797,0.0,0.0,6314.243588,16092.193183,1406.405142,261.290397,4101.765653,767.27733,4677.995995,0.0,2766.726283,1569.841031
88,1315.422199,1285.78517,1858.823494,949.714102,0.0,0.0,6323.002873,16140.707614,1408.924113,261.88779,4123.466085,769.547865,4689.135759,0.0,2772.259555,1573.832648
89,1318.74675,1286.195624,1862.806414,950.541873,0.0,0.0,6331.849943,16191.550774,1411.475679,262.487409,4145.311195,771.807986,4700.442849,0.0,2777.84599,1577.906348
90,1322.22324,1286.600268,1866.794657,951.943315,0.0,0.0,6341.024885,16242.035405,1414.449758,263.057255,4167.245694,774.139149,4712.578796,0.0,2783.706707,1582.147291
91,1325.709096,1287.110412,1870.73696,952.765501,0.0,0.0,6350.178837,16290.840791,1417.120036,263.633674,4188.89777,776.523661,4725.446073,0.0,2789.484921,1586.323764
92,1329.054987,1287.604741,1874.262779,953.639507,0.0,0.0,6359.055781,16337.383322,1419.721929,264.194952,4210.182346,778.838457,4736.771407,0.0,2795.093791,1590.38756
93,1335.284257,1291.925516,1881.315686,954.589232,0.0,0.0,6366.714443,16370.901492,1423.315015,265.337151,4218.451178,780.969323,4750.626788,0.0,2798.71591,1594.674172
94,1338.678421,1292.40247,1885.101924,955.699224,0.0,0.0,6375.60176,16417.877326,1425.875531,265.912408,4239.965662,783.103569,4762.617157,0.0,2804.349068,1598.737148
95,1338.678421,1292.413874,1885.101924,956.793842,0.0,0.0,6375.606666,16417.877326,1425.875531,265.912408,4239.965822,783.103569,4762.628892,0.0,2804.349068,1598.737148
96,1341.15835,1292.785945,1888.404956,971.17231,0.0,0.0,6382.439925,16456.493363,1428.287929,266.361293,4260.234912,785.172574,4771.706108,0.0,2808.691038,1601.8482
97,1358.385747,1297.423651,1907.566045,972.294471,0.0,0.0,6439.44433,16587.793795,1439.793626,270.721184,4307.987836,790.31541,4820.261126,0.0,2828.235349,1618.565523
98,1500.658897,1339.621762,2160.527818,972.294471,0.0,0.0,7129.604722,19040.052128,1655.989585,324.499043,5197.169343,1062.783073,5324.192853,0.0,3140.705864,1793.389013
99,1526.918788,1354.200108,2192.176282,975.012135,0.0,0.0,7205.176327,19321.110967,1669.973206,332.845704,5307.355629,1076.521,5394.066991,0.0,3169.739732,1818.108271
100,1555.999063,1373.176958,2227.886295,975.053672,0.0,0.0,7315.158877,19616.799749,1685.704238,342.253092,5432.077176,1097.782422,5475.541052,0.0,3203.561584,1846.64446
101,1559.971397,1374.296869,2232.42422,1000.293379,0.0,0.0,7325.962448,19662.591195,1689.436338,343.028791,5448.30323,1102.335165,5491.212819,0.0,3210.183848,1851.397145
102,1560.018231,1374.386877,2232.828717,1063.18335,0.0,0.0,7326.113295,19664.34955,1689.692185,343.064699,5448.315663,1102.544001,5491.511183,0.0,3210.258199,1851.460354
103,1572.066925,1379.161124,2244.062967,1079.244027,0.0,0.0,7347.629312,19718.455372,1694.813061,345.767484,5472.513184,1105.548371,5523.837992,0.0,3222.559025,1862.109669
104,1572.082877,1379.22965,2244.416198,1081.087522,0.0,0.0,7347.676747,19719.157587,1695.02697,345.797647,5472.517509,1105.788343,5523.948063,0.0,3222.583258,1862.131394
105,1575.054532,1380.600564,2247.109775,1081.51539,0.0,0.0,7354.05921,19733.585506,1696.239541,346.182857,5477.984649,1106.860068,5533.522704,0.0,3226.175996,1864.93861
106,1578.994652,1381.110546,2254.873345,1098.458624,0.0,0.0,7370.494262,19856.652286,1700.741003,347.16591,5549.204598,1111.251316,5554.037876,0.0,3237.561566,1870.804822
107,1583.312107,1381.767911,2262.669754,1098.876044,0.0,0.0,7387.213499,19983.693773,1705.274958,348.190453,5621.659563,1116.241957,5571.978416,0.0,3249.109316,1876.95739
108,1583.407223,1381.943999,2263.486384,1101.417356,0.0,0.0,7387.58622,19988.544634,1706.142325,348.244926,5621.710262,1116.863315,5572.670154,0.0,3249.263429,1877.095658
109,1587.418489,1382.487935,2270.98691,1102.969669,0.0,0.0,7403.917871,20110.776657,1710.699652,349.244451,5693.167793,1121.864068,5592.508142,0.0,3260.51877,1882.976506
110,1591.582579,1382.9733,2278.564461,1105.292084,0.0,0.0,7420.688651,20232.166683,1715.070161,350.264626,5769.701085,1127.038316,5611.441707,0.0,3272.261045,1889.041016
111,1596.244985,1383.683222,2286.283576,1106.400785,0.0,0.0,7438.287793,20353.75409,1719.635721,351.336627,5843.544251,1132.30376,5633.135081,0.0,3284.420479,1895.496532
112,1607.019942,1387.547428,2297.41166,1108.016854,0.0,0.0,7463.857842,20487.97173,1727.954096,355.655178,5917.278492,1139.734762,5666.446888,0.0,3300.652869,1906.410022
113,1607.039208,1387.636009,2297.587468,1109.514777,0.0,0.0,7463.951741,20488.146433,1728.051125,355.69192,5917.285247,1139.792008,5666.610476,0.0,3300.703721,1906.437996
114,1607.062374,1387.714136,2297.752902,1111.572699,0.0,0.0,7464.057471,20488.331492,1728.14673,355.72973,5917.292369,1139.869711,5666.772889,0.0,3300.762626,1906.46982
115,1607.081582,1387.801232,2297.939147,1111.572699,0.0,0.0,7464.152391,20488.50533,1728.233132,355.77181,5917.297653,1139.912345,5666.919106,0.0,3300.814341,1906.497582
116,1609.451666,1388.478666,2300.167471,1124.158991,0.0,0.0,7469.542484,20500.674546,1729.474289,356.18651,5922.606993,1140.78451,5673.821267,0.0,3303.833729,1908.882585
117,1638.872953,1406.42191,2325.254833,1125.000624,0.0,0.0,7592.547665,20815.382323,1740.263562,369.272846,6034.131334,1149.590607,5759.229873,0.0,3344.2629,1937.061807
118,1653.017667,1415.103098,2342.363776,1127.686781,0.0,0.0,7651.916728,20964.635449,1749.098372,372.47171,6113.133776,1157.667564,5800.572159,0.0,3363.316744,1950.93418
119,1665.9514,1424.745679,2357.478583,1130.755604,0.0,0.0,7679.52768,21111.226169,1756.187131,375.196461,6186.893353,1166.753569,5837.265556,0.0,3380.212017,1963.326013
120,1681.560543,1432.781571,2375.002141,1154.166719,0.0,0.0,7713.686804,21295.449709,1765.146571,378.45328,6265.010121,1176.023021,5880.587093,0.0,3401.002701,1978.278408
121,1719.06788,1444.561721,2425.465823,1169.537261,0.0,0.0,7849.574256,21961.850467,1789.662723,391.849376,6503.550174,1194.284927,5986.195531,0.0,3447.922146,2017.216415
122,1727.814359,1453.158829,2435.258095,1184.747699,0.0,0.0,7862.428718,22009.31906,1794.119201,393.610905,6517.778713,1198.846033,6007.518622,0.0,3454.189891,2023.834685
123,1732.552624,1454.144121,2442.96796,1205.234964,0.0,0.0,7880.486004,22135.512645,1799.141675,394.750974,6593.779185,1205.275785,6027.856242,0.0,3466.462589,2030.37767
124,1737.005864,1455.041451,2450.088139,1227.044865,0.0,1470.523462,7897.682538,22258.867796,1803.62089,395.774585,6666.314679,1210.723634,6047.779296,0.0,3478.085312,2036.590864
125,1741.33838,1455.590247,2457.051842,1242.781386,0.0,1495.851561,7915.450721,22387.228127,1808.212678,396.699517,6743.761834,1216.799098,6066.795375,0.0,3490.182906,2042.914029
126,1745.37897,1456.343371,2464.033028,1244.463391,0.0,1516.442487,7931.981815,22509.458257,1812.930599,397.642912,6816.029464,1222.775005,6087.94484,0.0,3501.462713,2048.779042
127,1766.6823,1464.165163,2482.744952,1246.526418,0.0,1536.850718,8011.051298,22686.626723,1823.509065,400.17247,6911.882705,1233.548621,6156.870568,0.0,3532.508327,2070.759034
128,1766.797908,1464.467291,2483.858292,1248.509241,0.0,1558.561376,8011.671924,22691.936633,1824.90485,400.282748,6911.937681,1235.093012,6158.391352,0.0,3532.837588,2070.961257
129,1770.23836,1467.731772,2487.863154,1250.866674,0.0,1575.192563,8018.05246,22718.391824,1829.04559,402.108615,6916.187697,1239.376425,6167.745629,0.0,3536.109432,2073.820801
130,1771.673249,1468.134164,2489.161106,1273.125229,0.0,1592.629801,8023.484689,22724.787573,1829.432925,402.361529,6924.587472,1240.106162,6175.21773,0.0,3539.577522,2075.646412
131,1775.230889,1469.054062,2491.213976,1274.989891,0.0,1613.340504,8035.883892,22734.548779,1830.206271,402.797177,6934.82276,1240.973934,6190.462776,0.0,3547.436519,2079.832325
132,1775.230889,1469.059226,2491.213976,1274.989891,0.0,1631.948983,8035.890413,22734.548779,1830.206271,402.797177,6934.822804,1240.973934,6190.470816,0.0,3547.436519,2079.832325
133,1777.606883,1470.004142,2494.678594,1280.386809,0.0,1648.536132,8041.494211,22753.547909,1833.194173,403.356548,6939.901296,1243.844417,6200.062886,0.0,3550.671157,2082.260137
134,1782.724136,1470.990214,2502.451575,1282.480576,0.0,1666.15217,8060.394395,22879.450121,1838.047147,404.536858,7019.153749,1250.168461,6221.272003,0.0,3563.53339,2089.247493
135,1792.515257,1473.775935,2514.028977,1282.480576,0.0,1688.781455,8087.879078,23009.731017,1844.38015,406.391619,7097.404997,1259.798583,6257.58906,0.0,3581.469662,2100.406826
136,1804.331248,1480.15703,2525.524919,1285.739855,0.0,1711.822531,8108.792914,23067.276201,1850.145415,408.946464,7119.934347,1264.073509,6288.068151,0.0,3593.057131,2110.637836
137,1807.889503,1481.477548,2529.494575,1288.483696,0.0,1732.14446,8117.590713,23097.964183,1852.747427,409.577451,7133.467641,1266.13184,6300.956708,0.0,3598.250452,2114.446958
138,1815.955329,1488.401121,2538.632507,1294.738904,0.0,1750.693507,8128.773657,23145.329983,1856.308321,411.215973,7145.892201,1269.773229,6318.221071,0.0,3603.616158,2120.356626
139,1820.39573,1489.872761,2542.729734,1314.267929,0.0,1768.961895,8138.986485,23170.869188,1858.72212,411.895745,7160.248677,1272.2173,6332.832734,0.0,3609.710539,2124.890068
140,1820.526256,1490.038446,2543.778946,1316.260864,0.0,1788.629858,8139.557859,23176.798711,1859.726152,412.018668,7160.297826,1273.218838,6333.791284,0.0,3609.993664,2125.084345
141,1820.624226,1490.189286,2544.841311,1328.376089,0.0,1805.759354,8140.07978,23183.974239,1860.756728,412.137971,7160.355358,1274.222436,6334.459526,0.0,3610.262937,2125.25104
142,1820.760926,1490.315875,2545.897158,1331.747834,0.0,1822.877901,8140.663832,23190.250921,1861.813629,412.284873,7160.40616,1275.249061,6335.186641,0.0,3610.556484,2125.447036
143,1820.896512,1490.457144,2546.933239,1332.5179,0.0,1840.027194,8141.233358,23197.224975,1863.028964,412.403639,7160.463658,1276.334415,6336.123965,1841.406916,3610.842247,2125.652978
144,1824.48165,1492.939698,2549.857744,1333.295437,0.0,1857.208914,8147.658984,23217.549721,1867.421776,414.176434,7165.078931,1278.32317,6345.891406,1863.779424,3614.148069,2128.578008
145,1827.587202,1493.679849,2551.67996,1334.21495,0.0,1875.189702,8157.64795,23227.305932,1868.053213,414.57924,7174.930663,1279.190848,6358.813289,1887.485966,3620.415439,2132.035807
146,1829.802751,1494.357668,2553.246957,1335.159357,0.0,1894.197689,8165.654074,23235.055191,1868.454586,414.924998,7184.205757,1280.012715,6369.256527,1911.49288,3625.458583,2134.68724
147,1829.924805,1494.420251,2553.284169,1335.159357,0.0,1913.647638,8165.849428,23235.244928,1868.462023,414.930255,7184.264414,1280.016628,6369.54835,1935.150973,3625.561521,2134.769706
148,1831.539865,1495.026283,2554.919763,1346.753231,0.0,1930.83838,8169.640507,23244.138536,1869.353932,415.310481,7188.508266,1280.837271,6377.548472,1958.151699,3627.661505,2136.377022
149,1833.507457,1495.830147,2557.653758,1347.952331,0.0,1948.624457,8174.888522,23259.657004,1871.54317,415.689523,7196.339544,1282.938144,6386.335662,1981.918916,3630.654475,2138.554279
150,1839.689242,1498.234816,2563.16628,1348.853599,0.0,1966.690937,8188.605148,23292.663329,1874.544157,416.701746,7211.73307,1287.084894,6407.103676,2005.562095,3638.630776,2144.580642
151,1842.11232,1498.847736,2565.672461,1350.191627,0.0,1986.452647,8194.827461,23316.740528,1876.534623,417.058468,7220.756877,1288.507994,6415.433827,2029.688634,3642.197636,2147.418082
152,1845.973667,1501.725695,2568.612291,1353.375328,0.0,2007.011231,8201.715539,23335.770653,1880.960448,418.816626,7225.27877,1289.8447,6428.164937,2054.639099,3645.621525,2150.583804
153,1848.489017,1502.478741,2570.235131,1358.688162,0.0,2025.262662,8210.710935,23343.859712,1881.493476,419.112445,7234.684424,1290.696243,6438.926333,2078.58481,3651.333994,2153.619517
154,1851.09244,1503.100151,2571.886418,1360.462336,0.0,2044.605748,8219.875445,23352.161085,1882.138513,419.454521,7244.139798,1291.592664,6450.473264,2105.073823,3657.094249,2156.69151
155,1852.964555,1503.305162,2574.063936,1360.462336,0.0,2064.186093,8225.008141,23381.61242,1884.386237,419.807135,7251.414335,1292.298688,6457.14192,2130.001818,3660.148026,2159.122547
156,1855.198629,1504.247454,2576.197141,1372.357577,0.0,2083.036792,8230.12915,23393.394292,1885.500062,420.177963,7256.492947,1293.237759,6465.93864,2155.129451,3663.039134,2161.368986
157,1856.469153,1504.801845,2577.649326,1373.363622,0.0,2101.30669,8233.327281,23403.971694,1886.108418,420.459381,7264.596182,1294.407391,6471.759255,2179.976244,3664.820566,2162.713781
158,1864.903931,1507.607365,2585.096002,1374.664841,0.0,2119.400307,8253.085307,23451.397567,1889.058079,421.911338,7302.153644,1299.172549,6499.357229,2204.657883,3677.189252,2171.454142
159,1867.625356,1508.258152,2588.183948,1377.241574,0.0,2141.045528,8262.740075,23479.362412,1890.446494,422.430842,7331.437547,1301.310796,6511.821518,2230.072519,3683.508333,2174.941442
160,1867.747381,1508.543326,2588.996873,1378.322049,0.0,2160.843084,8263.178631,23483.788037,1890.949928,422.532388,7331.490924,1301.785448,6512.563093,2255.044019,3683.723237,2175.109028
161,1876.34345,1511.681372,2596.273907,1384.112859,0.0,2178.381383,8283.07997,23538.955168,1896.047446,425.119242,7378.353848,1306.639695,6539.664548,2282.268199,3696.213813,2183.390025
162,1877.853821,1512.24643,2597.634725,1385.685493,0.0,2200.244618,8288.656127,23545.532863,1896.466412,425.372792,7386.785384,1307.468499,6547.54489,2308.219857,3699.763704,2185.273811
163,1881.520526,1513.209998,2599.677462,1387.133532,0.0,2220.952377,8301.310219,23555.4254,1897.22457,425.793004,7397.092651,1308.439123,6562.39248,2337.622023,3707.791817,2189.524011
164,1881.520526,1513.215465,2599.677462,1387.133532,0.0,2241.352118,8301.3108,23555.4254,1897.22457,425.793004,7397.092707,1308.439123,6562.400523,2365.594257,3707.791817,2189.524011
165,1884.041813,1513.996822,2601.898442,1401.329841,0.0,2258.896696,8307.063689,23567.739451,1898.425784,426.216468,7402.25791,1309.402561,6571.635162,2392.979573,3711.004478,2191.996296
166,1885.110552,1514.425113,2603.248637,1402.642703,0.0,2277.460662,8309.844546,23577.975135,1899.020591,426.456215,7410.115309,1310.600925,6577.480115,2419.403593,3712.599818,2193.171509
167,1893.086404,1517.033402,2610.072543,1404.003762,0.0,2295.730624,8329.7479,23626.804182,1901.739204,427.746083,7448.62004,1315.275166,6604.224154,2448.281622,3725.201977,2201.585748
168,1895.918716,1517.630672,2612.518731,1406.756382,0.0,2317.435036,8339.464541,23654.806994,1902.871377,428.221251,7477.896406,1317.198975,6615.429789,2475.494973,3731.564372,2205.119175
169,1899.159996,1518.687963,2615.544529,1407.61853,0.0,2337.277942,8349.57734,23681.603551,1904.008707,428.758908,7505.251722,1319.342838,6627.772386,2502.258364,3738.004917,2208.863673
170,1902.005587,1519.289887,2618.65969,1414.04263,0.0,2363.588501,8359.717067,23711.704349,1905.366904,429.27269,7534.737929,1321.548102,6640.36755,2531.937168,3744.508431,2212.464881
171,1902.07581,1519.427422,2618.935396,1415.653155,0.0,2385.18283,8359.968815,23712.797249,1905.537476,429.324403,7534.762984,1321.640892,6640.789156,2560.335052,3744.631211,2212.548769
172,1902.097811,1519.579899,2619.236364,1417.5878,0.0,2402.848302,8360.023856,23712.918145,1905.753786,429.378665,7534.768276,1321.745612,6640.932389,2588.851215,3744.653216,2212.568756
173,1902.110708,1519.695032,2619.364857,1418.989952,0.0,2420.508179,8360.053546,23713.008489,1905.803979,429.401224,7534.771856,1321.780553,6641.038424,2616.974798,3744.665819,2212.579985
174,1907.739266,1521.262947,2626.340312,1419.697053,0.0,2438.136592,8369.714658,23793.897234,1911.477274,430.783193,7559.629227,1325.666399,6657.726743,2646.593936,3749.602947,2218.068746
175,1907.795879,1521.44595,2626.684635,1420.409796,0.0,2457.708337,8369.917365,23794.822504,1911.685491,430.838442,7559.644666,1325.829846,6658.051994,2676.64598,3749.70366,2218.141052
176,1914.865079,1522.9247,2633.138493,1420.953658,0.0,2475.425316,8392.617325,23857.230209,1915.72169,431.796045,7600.017604,1329.037534,6686.605321,2705.702809,3764.576656,2226.726267
177,1921.694482,1524.313977,2640.188052,1425.533557,0.0,2497.974379,8415.163013,23918.958497,1920.092235,432.808543,7638.544265,1333.289734,6715.29929,2738.083035,3779.28023,2235.195669
178,1921.765615,1524.421346,2640.580459,1426.634864,0.0,2524.987527,8415.413064,23921.916206,1920.333543,432.844833,7638.567877,1333.488132,6715.630845,2769.273503,3779.401168,2235.28852
179,1929.635702,1529.310693,2644.981861,1429.298376,0.0,2542.828028,8428.752802,23956.675303,1924.775087,436.359604,7650.383166,1335.778741,6735.299388,2802.057591,3786.293573,2241.629652
180,1946.996367,1550.335163,2659.434296,1432.252359,0.0,2562.465463,8458.050047,24045.906789,1927.274926,447.916045,7679.543382,1340.652552,6778.319873,2834.573673,3802.594318,2255.353439
181,1947.044253,1550.518139,2659.843154,1432.942601,0.0,2585.505771,8458.220262,24047.851431,1927.538441,447.952595,7679.558166,1340.843481,6778.578959,2867.28762,3802.681026,2255.423721
182,1951.58381,1551.90774,2664.697905,1452.505788,0.0,2603.44479,8473.635257,24088.309462,1931.060303,448.684072,7696.997385,1343.33807,6800.982135,2901.172959,3812.561132,2261.171032
183,1959.524993,1553.260415,2672.051599,1467.980548,0.0,2624.357126,8501.159412,24156.767767,1935.838432,449.657294,7742.439147,1346.753936,6834.971621,2933.718898,3831.084568,2270.982409
184,1966.760718,1554.725065,2679.467998,1468.598691,0.0,2648.49418,8526.646728,24225.190202,1940.671684,450.647821,7783.768492,1351.082736,6865.254908,2967.929248,3848.153992,2280.124201
185,1966.886331,1554.962037,2680.222515,1471.2102,0.0,2673.140282,8527.081687,24230.603931,1941.265453,450.694398,7783.816538,1351.602944,6865.948167,3001.723687,3848.365292,2280.29481
186,1966.99975,1555.321143,2681.976889,1474.249979,0.0,2691.321361,8527.686372,24242.439314,1944.379096,450.92425,7783.913007,1352.342879,6869.127788,3035.721402,3848.664996,2280.498313
187,1967.950391,1555.934906,2684.761223,1477.241855,0.0,2709.623545,8530.435455,24258.476257,1947.828953,451.346033,7788.863,1355.086779,6879.234961,3070.559248,3850.188847,2281.559365
188,1967.959724,1556.01207,2684.789604,1478.564106,0.0,2728.358891,8530.456018,24258.501153,1947.837387,451.352543,7788.865432,1355.091202,6879.269269,3104.277411,3850.19453,2281.565665
189,1968.027019,1556.204098,2685.219926,1480.235662,0.0,2746.504569,8530.687065,24261.104994,1948.143428,451.388339,7788.89006,1355.339439,6879.592986,3139.171997,3850.304898,2281.658038
190,1968.099776,1556.400402,2685.733927,1482.56902,0.0,2764.688008,8530.936896,24262.77899,1948.514292,451.442839,7788.909833,1355.607644,6880.101958,3174.753915,3850.42002,2281.751732
191,1968.123716,1556.575341,2685.940659,1482.804106,0.0,2782.874714,8531.051126,24262.987988,1948.622991,451.499963,7788.916569,1355.636439,6880.297047,3210.940088,3850.479273,2281.785592
192,1968.132472,1556.709477,2686.007881,1483.801991,0.0,2801.028202,8531.061327,24263.021837,1948.649753,451.508881,7788.918618,1355.644159,6880.342318,3246.15861,3850.483895,2281.791225
193,1968.235975,1556.953582,2686.583045,1484.847159,0.0,2819.189678,8531.498966,24265.194777,1948.978695,451.577718,7788.963809,1355.942228,6881.109009,3282.042125,3850.700449,2281.934146
194,1968.329756,1557.238122,2687.591302,1485.671239,1976.156749,2837.42418,8531.977294,24271.439922,1951.171882,451.752204,7789.02952,1356.263346,6882.729718,3317.026748,3850.927092,2282.091313
195,1968.343034,1557.321647,2687.640446,1486.199807,1978.680671,2855.829778,8531.987241,24271.543718,1951.195052,451.753303,7789.033433,1356.268781,6882.767826,3352.903224,3850.930416,2282.097798
196,1968.406708,1557.553547,2688.209115,1487.553294,1987.791922,2873.980314,8532.210775,24272.460067,1951.504577,451.824515,7789.057465,1356.571394,6883.172195,3388.962024,3851.029465,2282.168956
197,1968.427414,1557.706441,2688.396047,1488.902439,1991.210601,2892.201444,8532.247882,24273.062961,1951.621817,451.827062,7789.065318,1356.611327,6883.381319,3425.890009,3851.038913,2282.186159
198,1971.174179,1558.272298,2690.56923,1489.301395,1993.728662,2910.40126,8542.290006,24293.202825,1952.850408,452.169595,7804.937466,1357.932359,6896.173176,3462.19054,3857.584899,2285.640926
199,1971.95328,1558.515108,2690.937264,1490.570579,2003.762186,2930.737789,8545.00633,24296.743179,1953.310446,452.216213,7805.604816,1357.982335,6899.975935,3500.511273,3859.156253,2286.555094
200,1971.967651,1558.667658,2691.060669,1491.338676,2008.632827,2949.262217,8545.037598,24296.841742,1953.36867,452.229644,7805.608689,1358.069092,6900.075666,3538.145911,3859.17102,2286.568386
201,1972.001493,1558.734749,2691.433137,1492.929323,2015.954921,2967.484946,8545.147734,24298.080499,1953.583953,452.266101,7805.617912,1358.249838,6900.254873,3576.44494,3859.229,2286.616988
202,1972.014843,1558.801887,2691.502669,1493.592793,2020.194286,2985.727723,8545.179518,24298.181676,1953.613931,452.281375,7805.621081,1358.266871,6900.317984,3614.852492,3859.24457,2286.629292
203,1972.040679,1558.913278,2691.643911,1493.592793,2025.540979,3003.993509,8545.243083,24298.50024,1953.698946,452.293716,7805.629683,1358.289923,6900.506981,3654.61866,3859.270428,2286.656824
204,1972.074186,1559.107932,2691.842472,1494.660756,2029.785907,3022.216505,8545.324593,24298.752538,1953.814476,452.310554,7805.639671,1358.32808,6900.679215,3693.234426,3859.306951,2286.689465
205,1972.074186,1559.112688,2691.842472,1494.994652,2029.785907,3040.46075,8545.324788,24298.752538,1953.814476,452.310554,7805.639708,1358.32808,6900.683107,3732.632374,3859.306951,2286.689465
206,1972.099091,1559.179647,2691.910799,1495.585602,2033.414244,3058.667092,8545.378108,24298.881077,1953.843069,452.32291,7805.64462,1358.345925,6900.783808,3772.322758,3859.335885,2286.712199
207,1972.118481,1559.25537,2691.943549,1495.817807,2035.437697,3076.929975,8545.41759,24298.947495,1953.850615,452.331249,7805.651071,1358.352074,6900.845817,3812.219601,3859.350098,2286.726472
208,1972.130165,1559.326607,2692.012421,1496.866809,2039.460699,3095.178962,8545.441631,24298.990164,1953.877715,452.343102,7805.653508,1358.371846,6900.909039,3851.142593,3859.363588,2286.737126
209,1972.136351,1559.460101,2692.073964,1497.293901,2044.186228,3113.437853,8545.446707,24299.010394,1953.902726,452.350389,7805.654989,1358.378719,6900.938597,3891.652494,3859.36554,2286.74043
210,1972.136351,1559.464805,2692.073964,1497.531381,2044.186228,3131.688267,8545.447035,24299.010394,1953.902726,452.350389,7805.655069,1358.378719,6900.944454,3934.683312,3859.36554,2286.74043
211,1972.161457,1559.531527,2692.145463,1497.831026,2047.855978,3149.866419,8545.499823,24299.134183,1953.931395,452.362711,7805.659922,1358.396706,6901.045845,3976.632363,3859.394322,2286.763081
212,1972.193684,1559.698542,2692.439136,1497.831026,2051.858872,3168.100607,8545.567529,24300.639595,1954.226382,452.372802,7805.679283,1358.466018,6901.369843,4018.011259,3859.411423,2286.794105
213,1972.241314,1559.799884,2692.706264,1498.369615,2061.708164,3186.374418,8545.777073,24301.487935,1954.440153,452.40753,7805.700605,1358.617175,6901.726952,4060.064545,3859.521092,2286.857093
214,1972.276512,1559.867944,2693.067547,1498.369615,2068.252406,3204.666109,8545.895006,24303.06111,1954.652345,452.433652,7805.711831,1358.801194,6901.9504,4100.805072,3859.582187,2286.903285
215,1972.276512,1559.872796,2693.067547,1498.704375,2068.252406,3222.962749,8545.895226,24303.06111,1954.652345,452.433652,7805.711872,1358.801194,6901.954487,4142.057357,3859.582187,2286.903285
216,1973.127757,1560.299701,2693.996481,1499.446018,2076.298894,3241.150672,8548.115634,24308.096778,1954.935018,452.591746,7810.611548,1359.654885,6906.049038,4183.408896,3860.867422,2287.784708
217,1973.143711,1560.419296,2694.140132,1500.122706,2081.177113,3260.059271,8548.154255,24308.267519,1955.019382,452.603327,7810.618808,1359.678982,6906.21026,4231.4721,3860.882944,2287.800188
218,1973.17644,1560.580645,2694.570683,1500.456564,2088.80723,3278.348675,8548.275972,24309.456734,1955.363173,452.629186,7810.627083,1359.927478,6906.405531,4275.929615,3860.941632,2287.851355
219,1973.194121,1560.728357,2694.761701,1501.376267,2093.352434,3296.626109,8548.29923,24309.889841,1955.479167,452.631612,7810.633196,1359.966672,6906.590899,4317.670973,3860.950127,2287.866802
220,1973.282453,1560.982409,2695.594451,1502.012124,2097.276478,3314.918848,8548.599749,24317.149826,1956.35358,452.682473,7810.703513,1360.515864,6907.400053,4360.415227,3861.076417,2287.985366
221,1973.389838,1561.324958,2696.580266,1502.012124,2101.729463,3333.315775,8548.928415,24323.317493,1957.388638,452.752505,7810.775964,1361.633302,6908.183367,4403.456767,3861.223764,2288.117356
222,1994.199647,1568.94,2718.644349,1503.538435,2115.354857,3351.707181,8624.950456,24476.825351,1971.150862,458.452062,7858.121536,1369.143177,6967.617766,4446.287109,3886.691262,2309.043002
223,2032.386012,1604.432737,2794.657938,1504.824429,2142.296014,3372.542914,8773.120413,24944.620362,1984.690693,479.739829,7987.138637,1427.03667,7078.540184,4489.277446,3936.519601,2347.548987
224,2032.386012,1604.442807,2794.657938,1504.824429,2142.296014,3395.439549,8773.128508,24944.620362,1984.690693,479.739829,7987.138683,1427.03667,7078.544405,4533.715648,3936.519601,2347.548987
225,2032.386012,1604.45838,2794.657938,1507.149418,2142.296014,3414.379306,8773.136287,24944.620362,1984.690693,479.739829,7987.138721,1427.03667,7078.547895,4577.691351,3936.519601,2347.548987
226,2032.391513,1604.551184,2794.681775,1537.598828,2144.564784,3433.083319,8773.139245,24944.633962,1984.70837,479.740157,7987.139831,1427.039418,7078.572993,4625.106238,3936.520927,2347.551533
227,2041.953645,1610.50884,2803.923443,1563.459304,2165.671431,3451.891592,8787.1517,25003.073968,1989.897679,481.324143,8003.635644,1429.370029,7099.817034,4672.322116,3942.933975,2355.218965
228,2041.953645,1610.517821,2803.923443,1564.02861,2165.671431,3472.654341,8787.159809,25003.073968,1989.897679,481.324143,8003.635707,1429.370029,7099.820908,4716.793941,3942.933975,2355.218965
229,2041.999512,1610.727968,2804.431847,1564.02861,2172.672092,3491.45123,8787.324546,25005.998428,1990.533924,481.353914,8003.665592,1429.637882,7100.31894,4761.842291,3943.002085,2355.290982
230,2041.999512,1610.737708,2804.431847,1564.257522,2172.672092,3510.409564,8787.324706,25005.998428,1990.533924,481.353914,8003.665639,1429.637882,7100.321933,4807.36667,3943.002085,2355.290982
231,2041.999512,1610.742726,2804.431847,1585.484023,2172.672092,3529.22801,8787.332908,25005.998428,1990.533924,481.353914,8003.665721,1429.637882,7100.327769,4852.277972,3943.002085,2355.290982
232,2042.014538,1610.907252,2804.639778,1585.484023,2178.511913,3548.102161,8787.354769,25006.4399,1990.670885,481.357852,8003.669614,1429.682094,7100.445847,4895.973278,3943.010552,2355.306967
233,2042.014538,1610.915821,2804.639778,1586.456585,2178.511913,3567.017058,8787.3629,25006.4399,1990.670885,481.357852,8003.669661,1429.682094,7100.448181,4941.670512,3943.010552,2355.306967
234,2042.014538,1610.924524,2804.639778,1586.456585,2178.511913,3585.834065,8787.363025,25006.4399,1990.670885,481.357852,8003.66971,1429.682094,7100.450805,4987.283332,3943.010552,2355.306967
235,2050.181084,1616.582086,2809.874827,1586.49567,2187.462779,3604.692195,8801.611621,25043.307184,1995.943183,485.356209,8015.66521,1432.59248,7122.325425,5033.615148,3950.323688,2362.029656
236,2066.545156,1639.52385,2823.798974,1587.361823,2202.358742,3625.521546,8828.865917,25130.956073,1998.307828,497.057949,8042.033556,1437.967335,7162.233931,5081.529172,3965.221247,2374.871787
237,2066.559893,1639.675331,2823.89602,1588.698472,2206.908738,3649.277139,8828.896429,25131.050093,1998.347055,497.06984,8042.036874,1437.991879,7162.31409,5130.538886,3965.238043,2374.885645
238,2066.572032,1639.812541,2823.981648,1588.698472,2210.725017,3668.229977,8828.91504,25131.186898,1998.387698,497.075598,8042.042099,1438.01644,7162.372388,5179.427704,3965.246191,2374.895285
239,2066.86951,1640.263634,2824.158938,1613.109459,2249.307003,3687.188904,8829.499858,25131.64808,1998.423332,497.159266,8042.267735,1438.049822,7163.221656,5230.32452,3965.572369,2375.132335
240,2076.411663,1643.286171,2836.799758,1628.861933,2255.683199,3706.231308,8847.915344,25210.78266,2008.548847,500.897387,8062.780016,1441.480014,7190.49822,5282.711406,3975.891273,2384.76269
241,2076.487594,1643.374509,2837.465971,1629.441483,2265.136367,3728.259028,8848.32928,25213.564673,2009.020817,501.019171,8062.79886,1441.956603,7190.974487,5331.681856,3976.121883,2384.889033
242,2076.539886,1643.442305,2838.034276,1629.899582,2273.331346,3747.384724,8848.626353,25216.417771,2009.406057,501.133095,8062.815355,1442.406262,7191.359357,5380.797492,3976.277155,2384.976546
243,2080.244626,1644.205001,2843.462956,1630.27297,2289.357142,3766.467451,8858.385281,25265.036896,2013.764055,501.899163,8075.680803,1444.406044,7204.814915,5429.638284,3982.113995,2389.479901
244,2080.244626,1644.210744,2843.462956,1646.254873,2289.357142,3787.413761,8858.385978,25265.036896,2013.764055,501.899163,8075.680889,1444.406044,7204.825024,5479.774813,3982.113995,2389.479901
245,2080.426017,1644.413047,2845.439371,1646.587945,2294.362923,3806.47183,8859.280827,25280.491912,2015.403527,502.163874,8075.78586,1444.904172,7206.091095,5530.012818,3982.587832,2389.76532
246,2088.560943,1645.955721,2857.636985,1648.244506,2321.808351,3825.738425,8880.798579,25427.68624,2025.425518,504.020617,8124.764469,1449.941332,7239.751021,5583.184039,3996.381823,2399.967919
247,2088.699656,1646.185543,2858.929404,1648.244506,2326.90143,3849.700423,8881.331963,25434.493152,2026.485543,504.210933,8124.815981,1450.392728,7240.687733,5635.992832,3996.65266,2400.171589
248,2088.699656,1646.19118,2858.929404,1649.470576,2326.90143,3868.968033,8881.341647,25434.493152,2026.485543,504.210933,8124.816068,1450.392728,7240.693561,5688.894458,3996.65266,2400.171589
249,2088.726137,1646.385022,2859.397306,1653.852179,2334.944152,3888.108294,8881.424651,25435.515983,2027.095666,504.243369,8124.824541,1450.581117,7241.5059,5740.693526,3996.690803,2400.216716
250,2088.726137,1646.390504,2859.397306,1653.852179,2334.944152,3907.34933,8881.433361,25435.515983,2027.095666,504.243369,8124.824589,1450.581117,7241.510099,5791.513311,3996.690803,2400.216716
251,2088.726137,1646.395806,2859.397306,1654.803389,2334.944152,3926.516968,8881.442122,25435.515983,2027.095666,504.243369,8124.824664,1450.581117,7241.515964,5842.344444,3996.690803,2400.216716
252,2111.270906,1654.881115,2882.519029,1654.803389,2363.908302,3945.692297,8962.925383,25598.473339,2041.581977,510.30959,8174.664306,1459.190863,7306.353998,5895.148942,4024.086045,2422.699087
253,2151.828889,1694.315362,2962.891713,1655.935579,2374.288303,3967.707537,9083.988629,26129.856989,2056.076242,532.217024,8313.46886,1527.541457,7423.027055,5948.048959,4076.302261,2463.049045
254,2152.955967,1695.277495,2964.041547,1656.330347,2380.316645,3991.728421,9086.908116,26135.904999,2056.322507,532.4099,8315.178867,1528.514624,7428.04664,6003.425629,4077.974371,2464.210654
255,2153.064407,1695.84699,2965.612522,1656.330347,2391.24035,4011.928748,9087.569795,26148.541118,2058.29222,532.605608,8315.258857,1531.230024,7429.082574,6061.2138,4078.298607,2464.405767
256,2153.077364,1695.936127,2965.689719,1720.26185,2397.073031,4031.70512,9087.598387,26148.632397,2058.32308,532.616208,8315.262218,1531.265834,7429.143872,6116.270836,4078.313684,2464.417638
257,2153.077364,1695.941479,2965.689719,1721.048648,2397.073031,4051.409841,9087.598712,26148.632397,2058.32308,532.616208,8315.262284,1531.265834,7429.148165,6171.766337,4078.313684,2464.417638
258,2153.077364,1695.946818,2965.689719,1721.048648,2397.073031,4071.066861,9087.599051,26148.632397,2058.32308,532.616208,8315.262346,1531.265834,7429.153957,6226.052954,4078.313684,2464.417638
259,2157.572246,1698.814187,2968.37024,1722.954174,2409.958004,4090.736241,9097.499636,26167.971992,2062.228222,535.284452,8321.806064,1532.67098,7442.524389,6293.046917,4082.971316,2468.355429
260,2160.564361,1699.890609,2970.188576,1723.439315,2416.014476,4111.73032,9107.871884,26176.968277,2062.706742,535.702497,8332.252102,1533.610725,7455.509835,6348.42063,4089.514304,2471.673171
261,2162.122442,1700.404537,2971.578049,1723.439315,2420.040138,4134.199898,9114.165977,26183.709221,2063.114738,535.982546,8341.376684,1534.519369,7463.67356,6406.297007,4093.582352,2473.695209
262,2163.683393,1700.804932,2972.143368,1723.439315,2424.069473,4157.50135,9120.006406,26186.242158,2063.566642,536.092032,8342.541896,1534.571875,7470.689845,6469.515614,4097.000522,2475.505123
263,2166.265373,1701.713637,2974.449033,1739.978778,2429.406669,4177.860848,9126.372523,26198.520181,2064.858914,536.488637,8348.273096,1535.731332,7482.129531,6526.866342,4100.609098,2478.126441
264,2167.486339,1702.239103,2975.894146,1741.420588,2433.436122,4198.775766,9129.771177,26209.934635,2065.523469,536.744564,8357.242387,1536.91087,7488.702296,6584.21062,4102.591187,2479.516942
265,2167.500446,1702.369834,2976.040214,1742.483331,2441.158822,4219.289124,9129.81113,26210.038052,2065.579138,536.773849,8357.246282,1536.935351,7488.804685,6641.186598,4102.608872,2479.531363
266,2172.119855,1704.458847,2980.24837,1745.920984,2453.304047,4239.081888,9141.235495,26233.503113,2067.709704,537.537884,8372.844966,1538.909937,7503.635918,6697.204538,4109.387185,2484.283254
267,2176.830393,1705.725134,2985.621067,1747.400991,2465.510093,4260.90256,9158.144685,26279.762871,2069.862976,538.533388,8423.264069,1542.714571,7525.927624,6756.4379,4120.823863,2490.289365
268,2176.900076,1705.851136,2985.883601,1747.975532,2472.677696,4284.819322,9158.410126,26280.771338,2070.078637,538.592043,8423.291186,1542.786381,7526.263285,6815.190464,4120.95771,2490.369937
269,2176.927432,1705.942819,2985.970633,1752.318451,2477.560924,4304.701087,9158.479281,26280.924517,2070.11811,538.609351,8423.296288,1542.801751,7526.407222,6872.201566,4120.995843,2490.397262
270,2176.927432,1705.948195,2985.970633,1754.732231,2477.560924,4324.568223,9158.479537,26280.924517,2070.11811,538.609351,8423.296328,1542.801751,7526.411794,6929.177265,4120.995843,2490.397262
271,2176.955332,1706.032084,2986.055854,1755.346445,2482.356129,4344.361765,9158.551198,26281.074746,2070.149764,538.627076,8423.301958,1542.820926,7526.558522,6985.065227,4121.034786,2490.424972
272,2176.955332,1706.037424,2986.055854,1755.827388,2482.356129,4364.253072,9158.560272,26281.074746,2070.149764,538.627076,8423.302035,1542.820926,7526.564344,7041.445086,4121.034786,2490.424972
273,2186.346241,1709.187824,2998.550923,1755.827388,2486.826221,4384.103111,9177.677798,26361.201189,2079.605371,542.431838,8444.496038,1546.641346,7553.761006,7098.04482,4131.722324,2500.361641
274,2186.382522,1709.347624,2998.828651,1755.827388,2493.183292,4407.235247,9177.754861,26362.080605,2079.697875,542.440243,8444.51256,1546.731141,7554.041362,7155.097306,4131.756602,2500.396165
275,2186.466053,1709.513857,2999.505557,1756.231163,2500.917719,4427.241203,9178.217485,26367.681293,2080.670653,542.518582,8444.55606,1547.46834,7555.16639,7212.973535,4132.008902,2500.53522
276,2186.543042,1709.680701,3000.205819,1756.231163,2507.081207,4447.33833,9178.668008,26372.308477,2081.67564,542.607543,8444.591688,1548.369774,7556.268864,7269.967623,4132.247191,2500.666268
277,2190.2907,1710.605349,3005.070838,1773.12177,2530.996727,4467.334385,9188.655234,26419.369172,2086.697376,543.336616,8457.864065,1550.555999,7570.801349,7330.100315,4138.093744,2505.259392
278,2190.803365,1710.903797,3005.934171,1774.156777,2565.358503,4489.500221,9189.922664,26425.601523,2087.67285,543.471292,8459.406741,1550.789348,7574.844395,7389.126513,4138.800245,2505.848825
279,2190.95164,1711.296485,3008.048692,1775.129905,2576.44492,4509.788057,9190.579244,26437.630889,2091.162325,543.7357,8459.491075,1551.671543,7577.293297,7447.973962,4139.123355,2506.085332
280,2191.088197,1711.676048,3010.009552,1778.11789,2586.814343,4530.018145,9191.302033,26451.976315,2094.487749,543.986922,8459.58086,1553.499199,7579.972243,7509.67535,4139.490368,2506.334038
281,2198.792724,1713.255487,3020.138034,1779.563293,2593.205187,4550.220514,9211.504662,26575.725324,2103.996898,545.513831,8508.242321,1559.198488,7613.112561,7569.674358,4152.188089,2515.880566
282,2213.700014,1716.424015,3038.796321,1781.982418,2604.591798,4575.026168,9240.63664,26693.864765,2113.270299,551.180089,8538.861233,1565.693749,7653.092289,7630.415831,4168.841564,2530.862533
283,2213.700014,1716.429241,3038.796321,1784.330645,2604.591798,4599.910121,9240.64547,26693.864765,2113.270299,551.180089,8538.861315,1565.693749,7653.095993,7691.220015,4168.841564,2530.862533
284,2214.484807,1716.742862,3040.048691,1784.330645,2626.659249,4620.213708,9242.684812,26703.113269,2114.265552,551.386856,8541.210231,1566.156305,7660.006156,7752.894682,4169.929234,2531.751048
285,2214.563323,1716.884238,3040.708722,1789.2079,2634.233486,4640.823647,9243.130707,26708.348757,2115.083685,551.483256,8541.243666,1566.813508,7660.611744,7816.450547,4170.16838,2531.893821
286,2214.610901,1717.002072,3041.334523,1805.046536,2644.43414,4661.103922,9243.40625,26711.154565,2115.822966,551.586987,8541.261361,1567.474735,7661.223849,7878.688065,4170.319251,2531.977608
287,2215.493442,1717.307974,3042.642658,1806.478496,2648.461119,4681.442587,9245.526722,26726.835347,2117.752107,551.655314,8542.363914,1567.746179,7665.846324,7940.012911,4171.353638,2533.001405
288,2219.540842,1718.016258,3046.841884,1807.278099,2698.722549,4702.224482,9256.024041,26775.508068,2121.507784,552.338428,8557.712432,1569.812447,7679.694879,8001.899714,4177.545767,2537.905506
289,2219.688314,1718.339572,3048.981099,1807.999109,2703.185027,4724.592093,9256.799258,26791.928981,2124.153742,552.631883,8557.803315,1570.811254,7681.615367,8064.047173,4177.931711,2538.16899
290,2219.845294,1718.640243,3050.826492,1809.747668,2708.022673,4745.142619,9257.635978,26806.707435,2126.68887,552.877887,8557.890073,1572.201144,7683.465203,8128.244529,4178.354004,2538.453246
291,2227.616529,1719.968999,3060.159174,1811.41587,2728.135578,4765.766417,9278.02651,26933.95637,2135.359946,554.407223,8606.146651,1577.540624,7715.730543,8194.728403,4191.208319,2548.086393
292,2236.834942,1723.238619,3073.167477,1813.42924,2747.506804,4790.620484,9296.31091,27011.440023,2145.029517,558.279398,8624.151757,1582.030659,7742.14797,8258.926809,4201.351264,2557.716723
293,2237.345435,1723.477339,3074.437499,1815.165752,2754.632356,4814.13406,9297.619276,27018.695754,2146.544992,558.482325,8625.557754,1582.909409,7744.228294,8323.830688,4202.098962,2558.307705
294,2237.486863,1723.742692,3075.20917,1815.165752,2757.581984,4834.781906,9298.194461,27024.367281,2147.168059,558.592879,8625.612104,1583.623158,7745.351101,8390.522407,4202.389589,2558.504091
295,2237.522056,1723.86732,3075.726316,1835.133431,2764.713749,4855.263878,9298.318565,27026.366126,2147.763542,558.637211,8625.634915,1583.752905,7745.940129,8456.113562,4202.439296,2558.553747
296,2241.413572,1724.628701,3080.132093,1836.767389,2790.606633,4875.741255,9308.600685,27074.421188,2151.685799,559.356505,8640.474456,1585.991262,7761.31371,8520.39189,4208.534375,2563.283496
297,2241.601908,1724.908504,3082.028171,1838.138747,2797.345164,4898.233175,9309.506489,27091.80158,2153.722465,559.606631,8640.602678,1586.845937,7762.884266,8587.627024,4209.012331,2563.584862
298,2241.717305,1725.075951,3083.454772,1838.827733,2804.236593,4918.925604,9310.151887,27102.45032,2155.342257,559.829786,8640.670293,1587.96011,7764.289594,8653.689482,4209.340032,2563.802165
299,2242.614751,1725.383586,3084.998266,1840.603314,2810.280956,4939.500594,9312.442953,27121.011285,2157.665446,559.998455,8641.81898,1588.701374,7768.118144,8719.560813,4210.477327,2564.881664
300,2242.643073,1725.483362,3085.362406,1842.162555,2818.048591,4960.444517,9312.527837,27122.090502,2157.955711,560.02448,8641.828098,1588.819169,7768.314305,8784.861188,4210.5185,2564.925431
301,2250.260579,1726.8099,3094.350021,1843.09164,2835.971734,4981.003894,9332.44392,27248.041711,2165.528679,561.444858,8693.130045,1593.696252,7798.419061,8850.392246,4223.242393,2574.459567
302,2250.260579,1726.8099,3094.350021,1843.09164,2835.971734,4981.003894,9332.44392,27248.041711,2165.528679,561.444858,8693.130045,1593.696252,7798.419061,8873.937126,4223.242393,2574.459567
