Time (s),Volume (m^3),Ar,He,Ne,N2,ethane(1),CH3(4),C2H5(5),C(3),H(6),C2H4(8),H2(12)
4.1206362078247544e-19,0.11224537199999998,0.0,0.0,0.0,0.0,0.99999999999999989,1.658295192267375e-16,5.3411282767928245e-19,1.1215037815852161e-29,5.3411282767941457e-19,8.1061844022233914e-30,2.4326099062209953e-30
1.1537781381909313e-18,0.11224537200000002,0.0,0.0,0.0,0.0,0.99999999999999956,4.6432265383482852e-16,1.4955159175199445e-18,6.7738828407743113e-29,1.4955159175207428e-18,4.8961353789919762e-29,1.4692963833725507e-29
2.637207173007843e-18,0.11224537200000007,0.0,0.0,0.0,0.0,0.999999999999999,1.061308923050865e-15,3.4183220972730852e-18,3.2613329968492173e-28,3.4183220972769271e-18,2.3572784242401357e-28,7.0740296075166926e-29
5.604065242641666e-18,0.11224537200000013,0.0,0.0,0.0,0.0,0.99999999999999778,2.255281461482354e-15,7.2639344570666301e-18,1.4243098026126131e-27,7.2639344570834072e-18,1.0294854191583961e-27,3.0894145811342374e-28
1.1537781381909312e-17,0.11224537200000026,0.0,0.0,0.0,0.0,0.99999999999999545,4.643226538343001e-15,1.495515917780277e-17,5.9462130499593154e-27,1.4955159177872818e-17,4.2978989707430721e-27,1.2897697724885889e-27
2.3405213660444606e-17,0.11224537200000054,0.0,0.0,0.0,0.0,0.99999999999999056,9.4191166920549611e-15,3.0337608623871282e-17,2.4292220510601838e-26,3.0337608624157441e-17,1.7558319668385108e-26,5.2691303630507652e-27
4.714007821751519e-17,0.11224537200000106,0.0,0.0,0.0,0.0,0.99999999999998113,1.8970896999441565e-14,6.1102507534393178e-17,9.8193039295554117e-26,6.1102507535549883e-17,7.0973535457632217e-26,2.1298667396360432e-26
9.460980733165636e-17,0.11224537200000217,0.0,0.0,0.0,0.0,0.99999999999996148,3.8074457614065454e-14,1.2263230542897638e-16,3.9482989231909325e-25,1.2263230543362746e-16,2.8538146474055695e-25,8.5641004911224371e-26
1.8954926555993872e-16,0.11224537200000431,0.0,0.0,0.0,0.0,0.99999999999992317,7.6281578842716084e-14,2.4569190151230099e-16,1.5834444601724389e-24,2.4569190153095366e-16,1.1445073151527569e-24,3.4345873404995809e-25
3.794281820165034e-16,0.11224537200000863,0.0,0.0,0.0,0.0,0.99999999999984635,1.5269582129762865e-13,4.9181109485558205e-16,6.3420370430380218e-24,4.9181109493029023e-16,4.5839989915915802e-24,1.3756264112916678e-24
7.591860149296328e-16,0.11224537200001723,0.0,0.0,0.0,0.0,0.9999999999996928,3.0552430619789904e-13,9.8404948624867272e-16,2.5384675996875346e-23,9.8404948654770011e-16,1.8347942312759105e-23,5.5060906618578064e-24
1.5187016807558915e-15,0.11224537200003455,0.0,0.0,0.0,0.0,0.99999999999938471,6.1118127596021993e-13,1.9685262878609649e-15,1.0157176905273915e-22,1.9685262890574646e-15,7.3415669354911051e-23,2.2031534909126925e-23
3.037733012408409e-15,0.11224537200006908,0.0,0.0,0.0,0.0,0.99999999999876954,1.2224952153319851e-12,3.9374799663899952e-15,4.0635321572334077e-22,3.9374799711767827e-15,2.9371048925174188e-22,8.8140487682660449e-23
6.075795675713444e-15,0.11224537200013808,0.0,0.0,0.0,0.0,0.99999999999753941,2.4451230934640059e-12,7.8753876246658149e-15,1.6255451510289781e-21,7.8753876438145929e-15,1.1749376260015823e-21,3.5259066070129329e-22
1.2151921002323514e-14,0.11224537200027623,0.0,0.0,0.0,0.0,0.99999999999507816,4.8903788472820074e-12,1.5751204146088274e-14,6.5024451873294834e-21,1.5751204222687084e-14,4.6999421569745022e-21,1.4104201594695068e-21
2.4304171655543653e-14,0.11224537200055248,0.0,0.0,0.0,0.0,0.99999999999015599,9.7808903451338557e-12,3.1502842008415011e-14,2.6010309905339388e-20,3.1502842314821063e-14,1.8800154406000825e-20,5.6417964306874145e-21
4.8608672961983934e-14,0.11224537200110497,0.0,0.0,0.0,0.0,0.99999999998031186,1.9561913301700933e-11,6.3006137010983628e-14,1.0404229778421061e-19,6.3006138236656936e-14,7.5201408909864788e-20,2.2567423369913878e-20
9.72176755748645e-14,0.11224537200220991,0.0,0.0,0.0,0.0,0.99999999996062372,3.912395905828862e-11,1.2601280412768456e-13,4.1617130620308585e-19,1.2601280903069591e-13,3.0080737600057962e-19,9.0270217252098499e-20
1.944356808006256e-13,0.1122453720044198,0.0,0.0,0.0,0.0,0.99999999992124788,7.8248049945277996e-11,2.5202644680656616e-13,1.6646894448031856e-18,2.5202646642100666e-13,1.2032342469891147e-18,3.6108230436476856e-19
3.8887169125214786e-13,0.11224537200883956,0.0,0.0,0.0,0.0,0.99999999984249566,1.5649622921451209e-10,5.0405496594004656e-13,6.6587661379953534e-18,5.0405504441667116e-13,4.8129565719514571e-18,1.444335190663436e-18
7.777437121551923e-13,0.11224537201767913,0.0,0.0,0.0,0.0,0.99999999968499131,3.1299257773399603e-10,1.0081169392602658e-12,2.6635080619888654e-17,1.0081172533170659e-12,1.9251946239161507e-17,5.7773775292052254e-18
1e-12,0.11224537203535827,0.0,0.0,0.0,0.0,0.99999999959497077,4.0243663944041369e-10,1.2962146440924385e-12,4.9469647610690646e-17,1.2962152277369875e-12,3.5757113209536494e-17,1.0730467129603675e-17
1.5554877539612813e-12,0.11224537203535827,0.0,0.0,0.0,0.0,0.9999999993699823,6.2598523469698368e-10,2.0162606257168745e-12,1.0654034941804794e-16,2.016261883145256e-12,7.7008671114109241e-17,2.3109782214638023e-17
2.3332317957673705e-12,0.11224537205303746,0.0,0.0,0.0,0.0,0.99999999905497283,9.3897785155928192e-10,3.024424051513394e-12,2.263982536817415e-16,3.024426725312381e-12,1.6364470698707968e-16,4.9108680652674672e-17
3.888719879379549e-12,0.11224537208839581,0.0,0.0,0.0,0.0,0.99999999842495402,1.5649629249793706e-09,5.040829857609091e-12,6.2592456771540299e-16,5.0408372624486972e-12,4.524385462415849e-16,1.3577384258186738e-16
5.288659154630509e-12,0.1122453721202183,0.0,0.0,0.0,0.0,0.99999999785793714,2.1283493614718435e-09,6.8556588564909671e-12,1.1145861573888587e-15,6.855672057154519e-12,8.0566967703892775e-16,2.417762665683524e-16
6.6885984298814685e-12,0.1122453721520408,0.0,0.0,0.0,0.0,0.99999999729091948,2.6917356608377054e-09,8.6705553555670611e-12,1.7398846235650762e-15,8.6705759853573721e-12,1.2576785325770017e-15,3.7742132563890691e-16
8.088537705132428e-12,0.11224537218386332,0.0,0.0,0.0,0.0,0.99999999672390227,3.2551218306548867e-09,1.0485515613411844e-11,2.4942510771893099e-15,1.0485545219646513e-11,1.8029966420502883e-15,5.410679861212017e-16
1e-11,0.1122453722475084,0.0,0.0,0.0,0.0,0.99999999594970201,4.0243631951145656e-09,1.2963721435179517e-11,3.6826907305139426e-15,1.296376520412462e-11,2.6621137817846155e-15,7.9888394397667441e-16
1.088841625563435e-11,0.1122453722475084,0.0,0.0,0.0,0.0,0.99999999558986674,4.3818938746246491e-09,1.4115581522528892e-11,4.2973210931251932e-15,1.411563262324677e-11,3.1064322124709919e-15,9.3222130696951486e-16
1.368829480613627e-11,0.11224537231115352,0.0,0.0,0.0,0.0,0.9999999944558301,5.5086654396292288e-09,1.7745883090626872e-11,6.5774787277533549e-15,1.7745961443189386e-11,4.7548039435931146e-15,1.4268882984594033e-15
1.648817335663819e-11,0.1122453723747987,0.0,0.0,0.0,0.0,0.99999999332179268,6.6354364932657726e-09,2.1376436286536313e-11,9.3670835769449012e-15,2.1376548069900658e-11,6.7715303895483911e-15,2.0320969189057164e-15
2.2087930457642028e-11,0.11224537250208912,0.0,0.0,0.0,0.0,0.99999999105371418,8.8889770376763584e-09,2.863831164053622e-11,1.6503340736322123e-14,2.8638509370050582e-11,1.193094714660153e-14,3.5804120212615753e-15
2.7687687558645868e-11,0.11224537262937977,0.0,0.0,0.0,0.0,0.99999998878563201,1.1142515504735991e-08,3.5901208985220932e-11,2.5709188172898626e-14,3.5901518218065577e-11,1.8587105688607337e-14,5.5778951798364071e-15
3.888720176065355e-11,0.1122453728839615,0.0,0.0,0.0,0.0,0.99999998424945524,1.5649586202552691e-08,5.0430070922609224e-11,5.0333774839398863e-14,5.0430681399616912e-11,3.6393722582299976e-14,1.0921596658750156e-14
6.128623016466892e-11,0.11224537339312694,0.0,0.0,0.0,0.0,0.99999997517705441,2.4663702651318278e-08,7.9500059343300865e-11,1.2443537901823261e-13,7.9501594995140075e-11,8.9991806687027059e-14,2.7006291258305418e-14
9.999999999999999e-11,0.11224537441146598,0.0,0.0,0.0,0.0,0.99999995949645293,4.0243337013857158e-08,1.2978223184828656e-10,3.3064277380099789e-13,1.2978644272707247e-10,2.3921547240129041e-13,7.1788646107824759e-14
1.0608428697269965e-10,0.11224537441146598,0.0,0.0,0.0,0.0,0.99999995703205935,4.2691835751526885e-08,1.3768905673169933e-10,3.7205174903468165e-13,1.3769381203305144e-10,2.6918662191252207e-13,8.0783096719102019e-14
1.5088234378073038e-10,0.11224537542981579,0.0,0.0,0.0,0.0,0.99999993888680749,6.0719835780662795e-08,1.9594336355699619e-10,7.5221863670610495e-13,1.9595326625581875e-10,5.4445317465288967e-13,1.6339250688854699e-13
1.9568040058876112e-10,0.11224537644817635,0.0,0.0,0.0,0.0,0.99999992074129862,7.8747702727365498e-08,2.5426290833767323e-10,1.2649357467095014e-12,2.5428002856206268e-10,9.1589432461416378e-13,2.7486633906465744e-13
2.4047845739679183e-10,0.11224537746654774,0.0,0.0,0.0,0.0,0.99999990259553273,9.6775436580240913e-08,3.1264761714972782e-10,1.9102024249112221e-12,3.1267417192390856e-10,1.383616040085741e-12,4.1523744053975768e-13
3.3007457101285326e-10,0.11224537950332293,0.0,0.0,0.0,0.0,0.99999986630322846,1.3283050496278353e-07,4.2961225332788975e-10,3.5983815399611099e-12,4.2966487130169781e-10,2.6082930740799047e-12,7.8279331719535154e-13
4.196706846289147e-10,0.11224538154014144,0.0,0.0,0.0,0.0,0.99999983000989412,1.6888504083801915e-07,5.4683668124167859e-10,5.8167496282505783e-12,5.469259464884223e-10,4.2193313738150787e-12,1.2663239363179378e-12
5.092667982449761e-10,0.11224538357700331,0.0,0.0,0.0,0.0,0.99999979371552861,2.049390441110464e-07,6.6432028116110778e-10,8.5652998700218181e-12,6.6445800786311819e-10,6.2176208290366159e-12,1.8661075430206396e-12
5.988629118610375e-10,0.1122453856139087,0.0,0.0,0.0,0.0,0.99999975742013092,2.4099251468789219e-07,7.8206244161178376e-10,1.1844025378959834e-11,7.8226165749407846e-10,8.604041348641543e-12,2.5824207180143238e-12
7.780551390931604e-10,0.11224538968785035,0.0,0.0,0.0,0.0,0.99999968482623414,3.1309785739256459e-07,1.0183201194191182e-09,1.9991975711717091e-11,1.0186860099862387e-09,1.454463502991883e-11,4.3657018904999807e-12
9.39328143602071e-10,0.11224539335454747,0.0,0.0,0.0,0.0,0.99999961948818694,3.7799084309375119e-07,1.2318304308503865e-09,2.9138263685212012e-11,1.2324025432847087e-09,2.1227072009074618e-11,6.3718839493073816e-12
9.999999999999999e-10,0.1122453970213869,0.0,0.0,0.0,0.0,0.99999959490675794,4.0240352029290983e-07,1.3123689641780837e-09,3.3023802346745037e-11,1.3130338909149057e-09,2.4069724017975248e-11,7.2253594761917479e-12
1.1006011481109816e-09,0.1122453970213869,0.0,0.0,0.0,0.0,0.99999955414677899,4.4288210144361223e-07,1.4461693907814683e-09,4.0002216146251727e-11,1.447007968408119e-09,2.9180212987878395e-11,8.7598161014272286e-12
1.2618741526198921e-09,0.11224540068836923,0.0,0.0,0.0,0.0,0.99999948880200484,5.0777163191019179e-07,1.6613336295305547e-09,5.2583794398613329e-11,1.6625056017741503e-09,3.8408967680257779e-11,1.1531084359153455e-11
1.5844201616377135e-09,0.11224540802276435,0.0,0.0,0.0,0.0,0.9999993581023352,6.3754550706498346e-07,2.0941246334013017e-09,8.2899673596962061e-11,2.0961905897321675e-09,6.0712830380993944e-11,1.8230015417080414e-11
1.8747115697537527e-09,0.11224541462421364,0.0,0.0,0.0,0.0,0.99999924046106126,7.5433608000484697e-07,2.4864257194863267e-09,1.160578572544944e-10,2.4895911660687703e-09,8.5197758207652693e-11,2.5586106289184055e-11
2.165002977869792e-09,0.1122454212261337,0.0,0.0,0.0,0.0,0.99999912280879066,8.7112104632622343e-07,2.8813494725975623e-09,1.5478054760679263e-10,2.8859329016613367e-09,1.1389114668207432e-10,3.420915834679139e-11
2.455294385985831e-09,0.11224542782852742,0.0,0.0,0.0,0.0,0.99999900514548867,9.8790040292511274e-07,3.2788771388524476e-09,1.9906751985720565e-10,3.2852342372961522e-09,1.4682094489430652e-10,4.4108635743852076e-11
2.7455857941018703e-09,0.11224543443139778,0.0,0.0,0.0,0.0,0.99999888747112242,1.1046741466976379e-06,3.6789902263648604e-09,2.4891854954838912e-10,3.6875133511160388e-09,1.840148995673103e-10,5.5294062417527198e-11
3.0358772022179095e-09,0.1122454410347477,0.0,0.0,0.0,0.0,0.9999987697856576,1.2214422745400713e-06,4.0816705005053401e-09,3.0433341256791073e-10,4.0927881633637771e-09,2.2550055855821544e-10,6.7775020845042071e-11
3.616460018449988e-09,0.1122454542428975,0.0,0.0,0.0,0.0,0.9999985343813016,1.4549616700203931e-06,4.8946608420260488e-09,4.3185374376776843e-10,4.9123953892155127e-09,3.2145627509160244e-10,9.666212961298713e-11
4.197042834682066e-09,0.11224546745299978,0.0,0.0,0.0,0.0,0.99999829893215486,1.6884585645388943e-06,5.7177071954767643e-09,5.8162672741307721e-10,5.7441943549427507e-09,4.3490468281688601e-10,1.3084773937735397e-10
4.777625650914144e-09,0.11224548066507675,0.0,0.0,0.0,0.0,0.99999806343795405,1.9219329332704243e-06,6.550672635183876e-09,7.5365058333909464e-10,6.5883194474797297e-09,5.6605924564619324e-10,1.7041054782872004e-10
5.358208467146223e-09,0.11224549387915067,0.0,0.0,0.0,0.0,0.99999782789843927,2.1553847513915638e-06,7.393423968328007e-09,9.4792353714972257e-10,7.4449013103043624e-09,7.151305420013359e-10,2.1543010243829795e-10
5.938791283378301e-09,0.11224550709524327,0.0,0.0,0.0,0.0,0.99999759231335028,2.3888139940804449e-06,8.2458314675878135e-09,1.1644438201187966e-09,8.3140671110790329e-09,8.8232647092657079e-10,2.6598673912156369e-10
6.519374099610379e-09,0.11224552031337616,0.0,0.0,0.0,0.0,0.99999735668243073,2.6222206365167722e-06,9.1077688352442389e-09,1.403209669332065e-09,9.1959405773703561e-09,1.0678522792521508e-09,3.2216157352306047e-10
7.099956915842458e-09,0.11224553353357043,0.0,0.0,0.0,0.0,0.99999712100542459,2.8556046538818685e-06,9.9791132921829886e-09,1.6642193279742303e-09,1.009064190717746e-08,1.2719104923994089e-09,3.8403652091505739e-10
7.680539732074535e-09,0.11224554675584697,0.0,0.0,0.0,0.0,0.99999688528207897,3.0889660213586251e-06,1.0859745550482736e-08,1.9474710455058115e-09,1.0998287796075175e-08,1.4947009353057468e-09,4.5169428975662108e-10
8.261122548306613e-09,0.11224555998022634,0.0,0.0,0.0,0.0,0.99999664951214229,3.3223047141313023e-06,1.1749549603912695e-08,2.2529630776396026e-09,1.1918991646835441e-08,1.7364208940339007e-09,5.2521833375272568e-10
8.84170536453869e-09,0.11224557320672902,0.0,0.0,0.0,0.0,0.99999641369536452,3.5556207073853472e-06,1.2648412465410028e-08,2.5806936862665974e-09,1.2852863832188841e-08,1.9972653181450763e-09,6.0469279162237118e-10
9.422288180770768e-09,0.11224558643537506,0.0,0.0,0.0,0.0,0.99999617783149752,3.7889139763074075e-06,1.3556224136094376e-08,2.9306611395396479e-09,1.3800011725713776e-08,2.2774268442450546e-09,6.9020247966553132e-10
9.999999999999999e-09,0.11224559966618422,0.0,0.0,0.0,0.0,0.99999594308699835,4.0210310233577432e-06,1.4468323276947479e-08,3.3009684588532309e-09,1.4755756651204392e-08,2.5755655231510849e-09,7.813646065960113e-10
1.0002870997002846e-08,0.11224559966618422,0.0,0.0,0.0,0.0,0.99999594192029428,4.022184496085435e-06,1.4472877735393712e-08,3.3028637121196872e-09,1.4760539571285621e-08,2.5770956951263833e-09,7.8183292112058432e-10
1.0583453813234923e-08,0.11224561289917606,0.0,0.0,0.0,0.0,0.99999570596151044,4.2554322419086244e-06,1.5398269452084959e-08,3.6972996853356527e-09,1.5734548531801761e-08,2.8964597172701217e-09,8.7967033474389347e-10
1.1164036629467e-08,0.1122456261343699,0.0,0.0,0.0,0.0,0.99999546995490241,4.4886571889671431e-06,1.6332298225425176e-08,4.1139673471061707e-09,1.6722137008298173e-08,3.2357046268354453e-09,9.8380156184585703e-10
1.1744619445699078e-08,0.11224563937178483,0.0,0.0,0.0,0.0,0.99999523390022793,4.7218593124519737e-06,1.7274865516619811e-08,4.5528649918395269e-09,1.7723400868746489e-08,3.5950141858723938e-09,1.0943140138892866e-09
1.2325202261931156e-08,0.1122456526114397,0.0,0.0,0.0,0.0,0.99999499779724699,4.9550385875550805e-06,1.8225875451113651e-08,5.0139909205990404e-09,1.873843330547124e-08,3.9745700921163115e-09,1.2112957046379943e-09
1.2905785078163233e-08,0.11224566585335306,0.0,0.0,0.0,0.0,0.99999476164572065,5.188194989469557e-06,1.9185235032236223e-08,5.4973434414160513e-09,1.9767324620929504e-08,4.3745518136700692e-09,1.3348352986154e-09
1.3486367894395311e-08,0.11224567909754331,0.0,0.0,0.0,0.0,0.99999452544541068,5.4213284933894463e-06,2.0152853944944117e-08,6.002920869351833e-09,2.0810162423930439e-08,4.7951367402925225e-09,1.4650220661234392e-09
1.4066950710627389e-08,0.11224569234402866,0.0,0.0,0.0,0.0,0.99999428919608147,5.6544390745093689e-06,2.1128644079990032e-08,6.5307215262573824e-09,2.1867032106032203e-08,5.2365005506453254e-09,1.6019457744955463e-09
1.4647533526859466e-08,0.11224570559282718,0.0,0.0,0.0,0.0,0.99999405289749776,5.8875267080244783e-06,2.2112519421328637e-08,7.0807437406837841e-09,2.2938016954355617e-08,5.698817299010208e-09,1.7456966621548219e-09
1.5228116343091545e-08,0.1122457188439565,0.0,0.0,0.0,0.0,0.99999381654942632,6.120591369130819e-06,2.310439644830573e-08,7.6529858482233488e-09,2.4023197748724996e-08,6.1822591043886574e-09,1.8963655300673464e-09
1.5808699159323625e-08,0.11224573209743416,0.0,0.0,0.0,0.0,0.99999358015163375,6.3536330330254715e-06,2.4104194350531546e-08,8.247446191875481e-09,2.5122652546110961e-08,6.686995984233505e-09,2.0540437905060561e-09
1.6389281975555704e-08,0.11224574535327743,0.0,0.0,0.0,0.0,0.99999334370389059,6.586651674906148e-06,2.5111834535545339e-08,8.8641231219061186e-09,2.6236457173345393e-08,7.2131962344106096e-09,2.2188233545575235e-09
1.6969864791787783e-08,0.11224575861150386,0.0,0.0,0.0,0.0,0.9999931072059659,6.8196472699707067e-06,2.6127240025738052e-08,9.5030149954292504e-09,2.7364685831114226e-08,7.7610268947818431e-09,2.3907964943791309e-09
1.7550447608019862e-08,0.11224577187213028,0.0,0.0,0.0,0.0,0.99999287065763043,7.05261979341739e-06,2.715033565742617e-08,1.0164120176455959e-08,2.8507410894789697e-08,8.3306535952918425e-09,2.5700558883820986e-09
1.813103042425194e-08,0.11224578513517341,0.0,0.0,0.0,0.0,0.9999926340586569,7.2855692204454291e-06,2.8181048801409752e-08,1.0847437036497822e-08,2.9664702192647995e-08,8.9222399991877492e-09,2.756694785319714e-09
1.871161324048402e-08,0.11224579840064987,0.0,0.0,0.0,0.0,0.99999239740881862,7.5184955262550138e-06,2.9219309369905516e-08,1.1552963954876516e-08,3.0836626998376275e-08,9.5359477972880057e-09,2.9508070056143663e-09
1.92921960567161e-08,0.11224581166857629,0.0,0.0,0.0,0.0,0.99999216070789076,7.7513986860463646e-06,3.0265048681632005e-08,1.2280699318082247e-08,3.2023251167410628e-08,1.0171937584264002e-08,3.1524866823335719e-09
1.987277887294818e-08,0.11224582493896898,0.0,0.0,0.0,0.0,0.99999192395564773,7.9842786750197416e-06,3.1318199439785088e-08,1.3030641519616821e-08,3.3224639159290954e-08,1.0830368875571965e-08,3.3618282560106211e-09
2.0453361689180258e-08,0.11224583821184413,0.0,0.0,0.0,0.0,0.99999168715186659,8.2171354683759674e-06,3.2378696267894681e-08,1.3802788960324457e-08,3.4440853501118026e-08,1.1511399693438909e-08,3.5789265966650103e-09
2.1033944505412338e-08,0.1122458514872176,0.0,0.0,0.0,0.0,0.99999145029632475,8.4499690413167279e-06,3.3446476119533508e-08,1.4597140048870649e-08,3.5671954376889648e-08,1.2215186250110033e-08,3.8038770969966406e-09
2.1614527321644417e-08,0.11224586476510523,0.0,0.0,0.0,0.0,0.99999121338880081,8.6827793690442102e-06,3.4521477824214103e-08,1.5413693201683008e-08,3.6918000081806277e-08,1.2941883298210277e-08,4.0367755685726892e-09
2.2195110137876496e-08,0.11224587804552295,0.0,0.0,0.0,0.0,0.99999097642907453,8.9155664267604643e-06,3.5603641304596966e-08,1.6252446842429494e-08,3.8179047806207216e-08,1.3691644735161112e-08,4.2777180631412329e-09
2.2775692954108575e-08,0.11224589132848632,0.0,0.0,0.0,0.0,0.99999073941692518,9.1483301896675063e-06,3.6692907655512177e-08,1.7113399401898178e-08,3.945515355679866e-08,1.446462354215681e-08,4.5268008905644831e-09
2.3356275770340654e-08,0.11224590461401057,0.0,0.0,0.0,0.0,0.99999050235213449,9.3810706329680808e-06,3.7789220033446849e-08,1.7996549318613241e-08,4.0746371265868596e-08,1.5260971097025676e-08,4.7841208215081795e-09
2.3936858586572734e-08,0.1122459179021109,0.0,0.0,0.0,0.0,0.99999026523448453,9.6137877318658894e-06,3.8892523903853876e-08,1.8901895039324063e-08,4.2052752543003057e-08,1.6080836982761451e-08,5.0497751435248211e-09
2.4517441402804813e-08,0.11224593119280282,0.0,0.0,0.0,0.0,0.99999002806375825,9.8464814615645357e-06,4.0002765781546639e-08,1.9829435018388448e-08,4.3374347936086289e-08,1.6924369959985034e-08,5.3238613735209898e-09
2.5098024219036892e-08,0.11224594448610123,0.0,0.0,0.0,0.0,0.99998979083973949,1.0079151797267377e-05,4.1119893042802265e-08,2.0779167717411774e-08,4.4711207119958208e-08,1.7791718112166383e-08,5.6064772148825341e-09
2.567860703526897e-08,0.11224595778202101,0.0,0.0,0.0,0.0,0.99998955356221242,1.0311798714178035e-05,4.2243854470640567e-08,2.1751091605570433e-08,4.606337835044559e-08,1.8683028424445346e-08,5.8977206817576131e-09
2.625918985150105e-08,0.1122459710805769,0.0,0.0,0.0,0.0,0.99998931623096199,1.0544422187500726e-05,4.3374600674468071e-08,2.2745205159992293e-08,4.7430908043933025e-08,1.9598446459259217e-08,6.1976901945305867e-09
2.683977266773313e-08,0.11224598438178357,0.0,0.0,0.0,0.0,0.99998907884577493,1.0777022192440169e-05,4.4512083883631684e-08,2.3761506865798634e-08,4.8813840983768144e-08,2.0538116515413115e-08,6.5064845324455667e-09
2.742035548396521e-08,0.11224599768565566,0.0,0.0,0.0,0.0,0.9999888414064374,1.1009598704201112e-05,4.5656257416998708e-08,2.4799995215850824e-08,5.0212220851264013e-08,2.1502182037502852e-08,6.8242027124447782e-09
2.8000938300197288e-08,0.11224601099220763,0.0,0.0,0.0,0.0,0.99998860391273747,1.1242151697988198e-05,4.6807075473896297e-08,2.5860668710581696e-08,5.1626090435139199e-08,2.2490785777343352e-08,7.1509439414310459e-09
2.8581521116429367e-08,0.11224602430145378,0.0,0.0,0.0,0.0,0.99998836636446309,1.1474681149006174e-05,4.7964493414765757e-08,2.694352585812855e-08,5.3055491350583451e-08,2.3504069577190447e-08,7.4868076802173166e-09
2.9162103932661447e-08,0.11224603761340832,0.0,0.0,0.0,0.0,0.99998812876140264,1.1707187032460217e-05,4.9128468084616903e-08,2.8048565174588838e-08,5.4500463715267903e-08,2.4542174119732188e-08,7.831893717112257e-09
2.9956437949646645e-08,0.1122460558307932,0.0,0.0,0.0,0.0,0.99998780359169481,1.2025255591120333e-05,5.0731525515472863e-08,2.9596376003364941e-08,5.6502723087271473e-08,2.6002938100947919e-08,8.3191513133661354e-09
3.075077196663185e-08,0.11224607405331016,0.0,0.0,0.0,0.0,0.99998747831850365,1.2343279924220842e-05,5.2346674183281983e-08,3.1185702669297135e-08,5.8534298951158558e-08,2.7510780011468446e-08,8.8241162928815938e-09
3.154510598361705e-08,0.11224609228099497,0.0,0.0,0.0,0.0,0.99998715294129437,1.2661259968262862e-05,5.3973813888188724e-08,3.2816541444027507e-08,6.0595283611760614e-08,2.9066052050728886e-08,9.3470464669291793e-09
3.233944000060225e-08,0.11224611051388239,0.0,0.0,0.0,0.0,0.99998682745953349,1.2979195659747805e-05,5.5612847835568903e-08,3.4488888626704639e-08,6.2685765924492129e-08,3.0669103739845048e-08,9.8882003820311059e-09
3.313377401758745e-08,0.11224612875200778,0.0,0.0,0.0,0.0,0.99998650187269111,1.3297086935177759e-05,5.7263682894064862e-08,3.6202740544421275e-08,6.4805831036454035e-08,3.232028172119553e-08,1.04478373777903e-08
3.3928108034572655e-08,0.11224614699540543,0.0,0.0,0.0,0.0,0.99998617618023777,1.3614933731055251e-05,5.8926229255341938e-08,3.7958093552064213e-08,6.6955560727074553e-08,3.4019930020768646e-08,1.1026217508870212e-08
3.4722442051557857e-08,0.11224616524410987,0.0,0.0,0.0,0.0,0.99998585038164667,1.3932735983883448e-05,6.060040049297096e-08,3.9754944032574554e-08,6.9135033348731475e-08,3.5768390001701105e-08,1.1623601557533557e-08
3.586602064829017e-08,0.11224619152560407,0.0,0.0,0.0,0.0,0.99998538115184232,1.4390187897650965e-05,6.3030902042480521e-08,4.2414684130597649e-08,7.232513810378236e-08,3.8371997821860839e-08,1.2517537725911085e-08
3.7009599245022484e-08,0.11224621781826818,0.0,0.0,0.0,0.0,0.99998491169940318,1.4847547168249542e-05,6.5485088070185675e-08,4.5160415873752547e-08,7.5577258089641654e-08,4.1078479764556035e-08,1.3452186817951773e-08
3.81531778417548e-08,0.1122462441222016,0.0,0.0,0.0,0.0,0.99998444202277526,1.5304813606214675e-05,6.7962733294286955e-08,4.7992128775398516e-08,7.8891594004042609e-08,4.3888828677156137e-08,1.4428333934579047e-08
3.929675643848711e-08,0.11224627043750288,0.0,0.0,0.0,0.0,0.9999839721204119,1.5761987022084158e-05,7.0463624039930907e-08,5.0909812469936708e-08,8.2268334743814121e-08,4.6804028210484249e-08,1.5446766623574278e-08
4.0440335035219426e-08,0.11224629676426938,0.0,0.0,0.0,0.0,0.99998350199077324,1.6219067226398143e-05,7.2987557647863697e-08,5.3913456713052936e-08,8.570765799594383e-08,4.9825053271691533e-08,1.6508274741124973e-08
4.158391363195174e-08,0.11224632310259751,0.0,0.0,0.0,0.0,0.99998303163232538,1.6676054029699352e-05,7.5534341922122841e-08,5.7003051381923752e-08,8.9209730789640922e-08,5.2952870447141787e-08,1.761365032242085e-08
4.387107082541636e-08,0.11224637581432026,0.0,0.0,0.0,0.0,0.99998209022289619,1.7589746675447902e-05,8.0695742756028668e-08,6.3440052113970699e-08,9.6402743074933194e-08,5.9532708368135998e-08,1.9959182151698385e-08
4.615822801888098e-08,0.11224642857342562,0.0,0.0,0.0,0.0,0.99998114787996628,1.8503063443728402e-05,8.5946477725264236e-08,7.0220736119077453e-08,1.038485151858835e-07,6.6551123955909789e-08,2.2489737166061415e-08
4.84453852123456e-08,0.11224648138065617,0.0,0.0,0.0,0.0,0.99998020459145953,1.9416002818991665e-05,9.1285332280914877e-08,7.7345026802567473e-08,1.1154805331990018e-07,7.4015591433004835e-08,2.5211717512228461e-08
5.0732542405810224e-08,0.1122465342367429,0.0,0.0,0.0,0.0,0.99997926034537532,2.0328563285748465e-05,9.6711212144316931e-08,8.4812849524352042e-08,1.195022402800202e-07,8.193348796729936e-08,2.8131549137271693e-08
5.3019699599274845e-08,0.11224658714240733,0.0,0.0,0.0,0.0,0.99997831512977897,2.1240743328578421e-05,1.0222313091353173e-07,9.2624131600080632e-08,1.2771184786667577e-07,9.0312103143534138e-08,3.1255678866921819e-08
5.5306856792739466e-08,0.11224664009836145,0.0,0.0,0.0,0.0,0.99997736893279954,2.2152541432139985e-05,1.0782019885674394e-07,1.0077880230135831e-07,1.3617754808348726e-07,9.9158647521806413e-08,3.4590571757755596e-08
5.759401398620409e-08,0.11224669310530955,0.0,0.0,0.0,0.0,0.99997642174262125,2.3063956081180828e-05,1.1350161274273732e-07,1.0927679285513758e-07,1.4489992330685345e-07,1.0848026039842325e-07,3.8142708688796412e-08
5.988117117966871e-08,0.11224674616394827,0.0,0.0,0.0,0.0,0.99997547354748029,2.3974985760549232e-05,1.1926664672858573e-07,1.1811803644236367e-07,1.5387947539910205e-07,1.182840167536495e-07,4.1918584197209512e-08
6.216832837313334e-08,0.1122467992749676,0.0,0.0,0.0,0.0,0.99997452433566048,2.4885628955205954e-05,1.2511464426188707e-07,1.2730246819596466e-07,1.6311663380774934e-07,1.2857693341912365e-07,4.5924704548210187e-08
6.445548556659797e-08,0.11224685243905146,0.0,0.0,0.0,0.0,0.99997357409549015,2.5795884150236636e-05,1.3104501085253636e-07,1.3683002519829192e-07,1.7261176279576881e-07,1.3936597457645819e-07,5.0167586005696029e-08
6.67426427600626e-08,0.11224690565687823,0.0,0.0,0.0,0.0,0.99997262281533694,2.6705749830864743e-05,1.370572075716936e-07,1.4670064647809777e-07,1.8236516794514094e-07,1.5065805669653768e-07,5.4653753270765111e-08
6.902979995352723e-08,0.11224695892912134,0.0,0.0,0.0,0.0,0.99997167048360625,2.7615224482464761e-05,1.431507452010251e-07,1.5691427300710879e-07,1.9237710201055573e-07,1.6246005297871051e-07,5.938973807039082e-08
7.131695714699185e-08,0.11224701225644955,0.0,0.0,0.0,0.0,0.99997071708873719,2.8524306590575776e-05,1.4932517899089049e-07,1.6747084769624047e-07,2.026477701645404e-07,1.747787973216694e-07,6.4382077886724211e-08
7.360411434045648e-08,0.11224706563952755,0.0,0.0,0.0,0.0,0.99996976261920256,2.9432994640915419e-05,1.5558010397575337e-07,1.7837031539150295e-07,2.1317733468568519e-07,1.8762108786580074e-07,6.9637314815083319e-08
7.589127153392111e-08,0.11224711907901608,0.0,0.0,0.0,0.0,0.999968807063503,3.0341287119393849e-05,1.6191515078016691e-07,1.896126228696424e-07,2.2396591915656526e-07,2.0099369015826569e-07,7.5161994535245373e-08
7.817842872738574e-08,0.11224717257557244,0.0,0.0,0.0,0.0,0.99996785041016978,3.1249182512128239e-05,1.6832998185487233e-07,2.0119771883355957e-07,2.3501361223179174e-07,2.1490333998733211e-07,8.0962665382092656e-08
8.046558592085036e-08,0.11224722612985084,0.0,0.0,0.0,0.0,0.99996689264775795,3.2156679305457102e-05,1.7482428809902899e-07,2.1312555390752925e-07,2.4632047102013663e-07,2.293567459197857e-07,8.7045877505467243e-08
8.275274311431499e-08,0.1122472797425023,0.0,0.0,0.0,0.0,0.99996593376484966,3.306377598595509e-05,1.8139778583375865e-07,2.2539608063224886e-07,2.5788652411553638e-07,2.4436059156821514e-07,9.3418182111201895e-08
8.503990030777962e-08,0.1122473334141753,0.0,0.0,0.0,0.0,0.99996497375004922,3.3970471040447656e-05,1.8805021409238726e-07,2.3800925345973453e-07,2.6971177431155542e-07,2.5992153761478925e-07,1.0008613077533796e-07
8.732705750124425e-08,0.11224738714551571,0.0,0.0,0.0,0.0,0.99996401259198375,3.4876762956026085e-05,1.9478133219258519e-07,2.509650287480915e-07,2.8179620103409533e-07,2.7604622361830139e-07,1.0705627482350059e-07
8.961421469470887e-08,0.11224744093716707,0.0,0.0,0.0,0.0,0.99996305027930055,3.5782650220062238e-05,2.0159091755941321e-07,2.6426336475616986e-07,2.9413976252332252e-07,2.9274126962831841e-07,1.1433516476827892e-07
9.19013718881735e-08,0.11224749478977067,0.0,0.0,0.0,0.0,0.99996208680066945,3.6688131320224008e-05,2.0847876377354099e-07,2.7790422163812369e-07,3.0674239779053836e-07,3.1001327762623675e-07,1.219293497986761e-07
9.647568627510274e-08,0.11224760268039011,0.0,0.0,0.0,0.0,0.99996015630033042,3.8497868981165536e-05,2.2248848399891345e-07,3.0621334808324731e-07,3.3272455943684914e-07,3.4631450438314992e-07,1.3808979262255844e-07
9.999999999999998e-08,0.11224769999679868,0.0,0.0,0.0,0.0,0.99995866566376002,3.9891074692851616e-05,2.334944832912272e-07,3.2895847884582062e-07,3.5344876207900042e-07,3.7590810080178257e-07,1.5145172198498562e-07
1.0059256922333906e-07,0.11224769999679868,0.0,0.0,0.0,0.0,0.99995841474919034,4.0125228630438915e-05,2.3536308631294806e-07,3.3286262214679045e-07,3.5699358985096706e-07,3.8102472206701363e-07,1.5377815922460887e-07
1.046054927933169e-07,0.1122477950553322,0.0,0.0,0.0,0.0,0.99995671337158454,4.1710205158381466e-05,2.481540879860596e-07,3.5990652322227006e-07,3.8145606094248999e-07,4.1675541653138265e-07,1.7015116844203248e-07
1.0861841636329473e-07,0.11224789031430495,0.0,0.0,0.0,0.0,0.99995500817743666,4.3293900848562074e-05,2.6118274976025345e-07,3.8800419218135636e-07,4.0671370369060476e-07,4.5439432112153587e-07,1.8762674806568206e-07
1.1263133993327257e-07,0.11224798577710893,0.0,0.0,0.0,0.0,0.99995329910628694,4.4876307548103313e-05,2.7444838255581898e-07,4.1715549390898326e-07,4.327656322084301e-07,4.9397651403329135e-07,2.0624014225249407e-07
1.1664426350325041e-07,0.11224808144712477,0.0,0.0,0.0,0.0,0.99995158609782264,4.6457417108283289e-05,2.8795034856349621e-07,4.4736031074101964e-07,4.5961088069942437e-07,5.3553697529868169e-07,2.2602655386020789e-07
1.2065718707322826e-07,0.11224817732772108,0.0,0.0,0.0,0.0,0.99994986909187322,4.8037221384792749e-05,3.0168805094671318e-07,4.786185423639999e-07,4.8724841385193974e-07,5.7911059372484017e-07,2.4702114109022712e-07
1.246701106432061e-07,0.11224827342225548,0.0,0.0,0.0,0.0,0.99994814802840881,4.9615712237993266e-05,3.1566092562771206e-07,5.1093010571376851e-07,5.1567713515140561e-07,6.2473217223350808e-07,2.6925901461477714e-07
1.2868303421318396e-07,0.11224836973407525,0.0,0.0,0.0,0.0,0.99994642284753632,5.1192881533175579e-05,3.2986843456720356e-07,5.4429493487309601e-07,5.4489589370042382e-07,6.7243643205521017e-07,2.9277523505205232e-07
1.326959577831618e-07,0.11224846626651767,0.0,0.0,0.0,0.0,0.99994469348950132,5.2768721140818556e-05,3.4431006009856054e-07,5.7871298096837373e-07,5.7490348998565724e-07,7.2225801611573552e-07,3.1760481068800052e-07
1.3670888135313966e-07,0.1122485630229101,0.0,0.0,0.0,0.0,0.99994295989468318,5.4343222936848267e-05,3.5898530017934362e-07,6.1418421206541942e-07,6.0569868072868673e-07,7.742314917205123e-07,3.4378269541313117e-07
1.407218049231175e-07,0.11224866000657059,0.0,0.0,0.0,0.0,0.99994122200359714,5.5916378802897671e-05,3.7389366451266195e-07,6.5070861306436898e-07,6.3728018286836581e-07,8.283913525735087e-07,3.7134378686347239e-07
1.4473472849309536e-07,0.11224875722080767,0.0,0.0,0.0,0.0,0.99993947975689468,5.7488180626566671e-05,3.8903467140680434e-07,6.8828618559364612e-07,6.6964667680625713e-07,8.8477202023191383e-07,4.0032292473536456e-07
1.487476520630732e-07,0.11224885466892087,0.0,0.0,0.0,0.0,0.99993773309536182,5.9058620301682214e-05,4.0440784519254417e-07,7.2691694790301308e-07,7.0279680909572598e-07,9.4340784513553175e-07,4.3075488923243449e-07
1.5276057563305106e-07,0.11224895235420068,0.0,0.0,0.0,0.0,0.99993598195992095,6.0627689728559173e-05,4.2001271406896612e-07,7.6660093475571601e-07,7.3672919470385282e-07,1.0043331073102766e-06,4.6267439961497564e-07
1.6078642277300673e-07,0.11224914844937647,0.0,0.0,0.0,0.0,0.99993246603169084,6.3761685472863504e-05,4.5191565963219248e-07,8.4912880305513129e-07,8.0693503807229119e-07,1.1331887132067961e-06,5.3111462245918141e-07
1.688122699129624e-07,0.11224934553247913,0.0,0.0,0.0,0.0,0.99992893150233475,6.6890103201683153e-05,4.8473975084671201e-07,9.3587039470816473e-07,8.8025255931344732e-07,1.2716116801755942e-06,6.0592007858814461e-07
1.7683811705291808e-07,0.11224954362951035,0.0,0.0,0.0,0.0,0.99992537790421854,7.0012878377765644e-05,5.1848120623639896e-07,1.026826571089355e-06,9.5666969868857031e-07,1.4198737297008694e-06,6.8736619793010641e-07
1.8486396419287375e-07,0.1122497427663241,0.0,0.0,0.0,0.0,0.99992180477198189,7.3129946592804179e-05,5.5313619737828942e-07,1.1219984471126223e-06,1.0361740107298907e-06,1.5782454501481352e-06,7.7572731991602361e-07
1.9288981133282943e-07,0.11224994296863477,0.0,0.0,0.0,0.0,0.99991821164258043,7.6241243575858855e-05,5.8870083364951474e-07,1.2213873875505261e-06,1.118752683275064e-06,1.7469962789359009e-06,8.71276660347864e-07
2.009156584727851e-07,0.11225014426200644,0.0,0.0,0.0,0.0,0.99991459805533012,7.9346705201797113e-05,6.2517115113824734e-07,1.324995003293156e-06,1.2043925524252979e-06,1.9263944817642085e-06,9.7428627947410512e-07
2.0894150561274077e-07,0.11225034667185578,0.0,0.0,0.0,0.0,0.99991096355195319,8.2446267499750123e-05,6.6254310502836744e-07,1.4328231475479114e-06,1.2930801141164325e-06,2.116707129437434e-06,1.0850270511194454e-06
2.1696735275269645e-07,0.1122505502234483,0.0,0.0,0.0,0.0,0.99990730767662339,8.5539866661584439e-05,7.0081256518549881e-07,1.5448739119790561e-06,1.3848015325773549e-06,2.3182000725036288e-06,1.2037686328181728e-06
2.2499319989265212e-07,0.11225075494189625,0.0,0.0,0.0,0.0,0.99990362997601512,8.8627439050387169e-05,7.3997531389451076e-07,1.6611496227866965e-06,1.4795426467264503e-06,2.5311379145270149e-06,1.3307794367176973e-06
2.330190470326078e-07,0.11225096085215656,0.0,0.0,0.0,0.0,0.99989992999934807,9.170892120896253e-05,7.8002704458117578e-07,1.781652836726789e-06,1.5772889756716984e-06,2.7557839848956478e-06,1.4663266009869914e-06
2.4907074131251914e-07,0.1122513763471514,0.0,0.0,0.0,0.0,0.99989246142773258,9.7853361956286829e-05,8.6277977818867822e-07,2.0353531293798682e-06,1.7817377845904792e-06,3.2412475935494924e-06,1.7640920256586579e-06
2.651224355924305e-07,0.11225179690489052,0.0,0.0,0.0,0.0,0.99988489840823469,0.00010397268516363628,9.4903451998949563e-07,2.3059997002302877e-06,1.9980258981467073e-06,3.7766710112345127e-06,2.0991754720407632e-06
2.8117412987234183e-07,0.11225222271919372,0.0,0.0,0.0,0.0,0.9998772374310092,0.00011006639051122051,1.0387536003986767e-06,2.5936208845401499e-06,2.2260264241850438e-06,4.3641122123218726e-06,2.4736653581586137e-06
2.972258241522532e-07,0.11225265398117096,0.0,0.0,0.0,0.0,0.99986947503133428,0.00011613398137168482,1.1318979543424176e-06,2.8982483056114708e-06,2.4656077613090381e-06,5.0056061645159861e-06,2.8896271082269404e-06
3.1327751843216453e-07,0.11225309087914992,0.0,0.0,0.0,0.0,0.99986160779100186,0.00012217496508191414,1.2284271539656729e-06,3.2199167346989502e-06,2.7166337210487461e-06,5.7031639786712798e-06,3.3491023277802668e-06
3.293292127120759e-07,0.11225353359860796,0.0,0.0,0.0,0.0,0.99985363233966285,0.00012818885321394527,1.3282994419566297e-06,3.5586639481514393e-06,2.9789636540180073e-06,6.4587720796128079e-06,3.8541079995063978e-06
3.453809069919872e-07,0.11225398232210404,0.0,0.0,0.0,0.0,0.99984554535613013,0.00013417516184463567,1.4314717676760589e-06,3.9145305819909695e-06,3.2524525776704156e-06,7.2743913969211711e-06,4.4066357009285071e-06
3.6143260127189857e-07,0.11225443722921485,0.0,0.0,0.0,0.0,0.99983734356963927,0.00014013341182374863,1.5378998270035948e-06,4.2875599840437831e-06,3.5369513046776663e-06,8.1519565761073352e-06,5.0086508452484071e-06
3.774842955518099e-07,0.11225489849647502,0.0,0.0,0.0,0.0,0.9998290237610602,0.00014606312904008882,1.6475381037478974e-06,4.6777980638150623e-06,3.8323065739088034e-06,9.0933752126634186e-06,5.662091945675432e-06
3.9353598983172126e-07,0.11225536629731837,0.0,0.0,0.0,0.0,0.99982058276406394,0.00015196384468531003,1.7603399108379935e-06,5.0852931403846482e-06,4.1383611854918536e-06,1.0100527110772512e-05,6.368869903253256e-06
4.095876841116326e-07,0.11225584080202168,0.0,0.0,0.0,0.0,0.99981201746624027,0.00015783509551502563,1.8762574317211533e-06,5.5100957885969782e-06,4.4549541392307228e-06,1.1175263566694524e-05,7.1308673186412514e-06
4.2563937839154396e-07,0.11225632217765151,0.0,0.0,0.0,0.0,0.99980332481016621,0.00016367642410687415,1.9952417629886408e-06,5.9522586837761989e-06,4.781920775112339e-06,1.2319406676530405e-05,7.9499378285804525e-06
4.416910726714553e-07,0.11225681058801489,0.0,0.0,0.0,0.0,0.99979450179442919,0.00016948737911518869,2.1172429581867327e-06,6.4118364451859891e-06,5.1190929157200183e-06,1.3534748668943619e-05,8.8279054675839803e-06
4.5774276695136665e-07,0.11225730619361166,0.0,0.0,0.0,0.0,0.99978554547459775,0.00017526751552192102,2.2422100721084355e-06,6.8888854784708871e-06,5.4662990110052546e-06,1.482305126384243e-05,9.766564055158576e-06
4.73794461231278e-07,0.11225780915159053,0.0,0.0,0.0,0.0,0.99977645296414197,0.00018101639488347468,2.3700912052895258e-06,7.3834638173267743e-06,5.823364285421005e-06,1.6186045057593386e-05,1.0767676608864257e-05
4.898461555111893e-07,0.11225831961570709,0.0,0.0,0.0,0.0,0.99976722143530772,0.00018673358557311576,2.5008335489575889e-06,7.8956309646430517e-06,6.1901108868969259e-06,1.7625428934891445e-05,1.1832974783600246e-05
5.058978497911007e-07,0.11225883773628534,0.0,0.0,0.0,0.0,0.9997578481199354,0.00019241866301863788,2.63438343059374e-06,8.4254477333518499e-06,6.5663580372333462e-06,1.9142869507474374e-05,1.2964158337478647e-05
5.219495440710121e-07,0.112259363660182,0.0,0.0,0.0,0.0,0.9997483303102298,0.00019807120993496039,2.7706863599298408e-06,8.9729760872191076e-06,6.9519221838272674e-06,2.0740000580106013e-05,1.4162894624547739e-05
5.380012383509235e-07,0.11225989753075377,0.0,0.0,0.0,0.0,0.99973866535948008,0.00020369081655135076,2.9096870751522483e-06,9.5382789818128244e-06,7.3466171526909998e-06,2.2418422644245493e-05,1.5430818114569704e-05
5.540529326308349e-07,0.11226043948782713,0.0,0.0,0.0,0.0,0.99972885068272965,0.00020927708083297232,3.0513295892661644e-06,1.012142020588104e-05,7.7502543025398232e-06,2.4179702399629179e-05,1.6769529940051831e-05
5.701046269107463e-07,0.11226098966767119,0.0,0.0,0.0,0.0,0.99971888375738915,0.00021482960869646767,3.1955572366625202e-06,1.0722464223367848e-05,8.1626426796387542e-06,2.6025372303885521e-05,1.8180597470713477e-05
5.861563211906577e-07,0.1122615482029738,0.0,0.0,0.0,0.0,0.99970876212380566,0.00022034801421930402,3.3423127198491775e-06,1.1341476016292725e-05,8.5835891731803145e-06,2.7956930150333378e-05,1.9665553915521445e-05
6.022080154705691e-07,0.11226211522281941,0.0,0.0,0.0,0.0,0.99969848338577472,0.00022583191984260927,3.4915381562319243e-06,1.1978520928715135e-05,9.0128986710422581e-06,2.9975838674136757e-05,2.1225897952374032e-05
6.182597097504805e-07,0.11226269085267117,0.0,0.0,0.0,0.0,0.99968804521100785,0.00023128095656724753,3.6431751248551493e-06,1.2633664512001895e-05,9.4503742157522029e-06,3.2083525186931525e-05,2.2863093385482054e-05
6.343114040303919e-07,0.11226327521435471,0.0,0.0,0.0,0.0,0.99967744533154179,0.00023669476414288866,3.7971647130653804e-06,1.3306972371609209e-05,9.8958171604355644e-06,3.4281381239958384e-05,2.4578568830468687e-05
6.664147925902146e-07,0.11226447060226659,0.0,0.0,0.0,0.0,0.99965575171029519,0.00024741529565449266,4.1119639179388658e-06,1.4708342709626389e-05,1.0809803148153594e-05,3.8952987622301638e-05,2.8249896652381084e-05
6.953078422940551e-07,0.1122655774615298,0.0,0.0,0.0,0.0,0.99963565299766677,0.00025693986168027355,4.4027297240341888e-06,1.6032351788224803e-05,1.1657617124675037e-05,4.3479030805330375e-05,3.1835411210897543e-05
7.242008919978956e-07,0.11226671433911799,0.0,0.0,0.0,0.0,0.99961499806357579,0.00026634510092718515,4.7001842333735799e-06,1.7416220093646573e-05,1.2528095309424653e-05,4.8317200722647689e-05,3.5695135137798863e-05
7.530939417017361e-07,0.11226788181316115,0.0,0.0,0.0,0.0,0.9995937760434942,0.00027562925093125375,5.003972166594612e-06,1.8860312726460347e-05,1.3420038480195379e-05,5.3474285860629449e-05,3.9836096340598879e-05
7.819869914055765e-07,0.11226908042277478,0.0,0.0,0.0,0.0,0.9995719767639526,0.00028479065348443311,5.3137367195814614e-06,2.0364983880698688e-05,1.4332241892890837e-05,5.8956682298421879e-05,4.4264937771417853e-05
8.10880041109417e-07,0.11227031066912174,0.0,0.0,0.0,0.0,0.99954959074215177,0.00029382775685721962,5.6291203866438103e-06,2.1930574368699356e-05,1.5263498060501664e-05,6.4770392098167348e-05,4.8987916076888748e-05
8.397730908132575e-07,0.11227157301497036,0.0,0.0,0.0,0.0,0.99952660918402148,0.00030273911772206317,5.9497657627023456e-06,2.3557409260820039e-05,1.6212599466656463e-05,7.0921022624322711e-05,5.4010901141935642e-05
8.68666140517098e-07,0.11227286788539331,0.0,0.0,0.0,0.0,0.99950302398081348,0.00031152340277903844,6.275316322014112e-06,2.5245795646591776e-05,1.7178341205030864e-05,7.7413786749290457e-05,5.9339376484486194e-05
8.975591902209385e-07,0.11227419566795606,0.0,0.0,0.0,0.0,0.99947882770425078,0.00032017939007575346,6.6054171710536833e-06,2.6996020525300925e-05,1.8159523536079733e-05,8.4253503943149195e-05,6.4978440497985703e-05
9.264522399247789e-07,0.11227555671324799,0.0,0.0,0.0,0.0,0.99945401360031294,0.00032870597002405364,6.9397157733630995e-06,2.8808348831484646e-05,1.915495435306694e-05,9.1444602205227525e-05,7.0932808499633309e-05
9.553452896286194e-07,0.11227695133536313,0.0,0.0,0.0,0.0,0.99942857558173104,0.00033710214611406468,7.277862644311215e-06,3.0683021600631159e-05,2.0163451550036078e-05,9.8991120806588665e-05,7.7206815553410672e-05
9.842383393324599e-07,0.1122783798125003,0.0,0.0,0.0,0.0,0.99940250821925225,0.00034536703532835555,7.6195120139803389e-06,3.2620254279207034e-05,2.1183845285307556e-05,0.00010689671380817399,8.3804420032906852e-05
9.999999999999997e-07,0.11227984238759263,0.0,0.0,0.0,0.0,0.99938802098185631,0.00034982005176287131,7.8072418522072996e-06,3.3703489208672005e-05,2.1745088891369887e-05,0.00011136190727636883,8.7541239152451539e-05
1.0131313890363004e-06,0.11227984238759263,0.0,0.0,0.0,0.0,0.99937580673175108,0.00035349986825912103,7.9643224566676994e-06,3.462023518237486e-05,2.2214980134930965e-05,0.00011516465432320822,9.0729207892889161e-05
1.0420244387401408e-06,0.11228133926900515,0.0,0.0,0.0,0.0,0.99934846697524493,0.00036149998893332958,8.3119574857375591e-06,3.6683124101695616e-05,2.3255717131304809e-05,0.000123797839488317,9.7984397614685632e-05
1.0709174884439813e-06,0.11228287063127575,0.0,0.0,0.0,0.0,0.99932048543089458,0.00036936685435233241,8.6620861127615437e-06,3.8809051064187283e-05,2.4304935682907314e-05,0.00013279879610520167,0.00010557284578803512
1.0998105381478218e-06,0.11228443661590623,0.0,0.0,0.0,0.0,0.9992918591920591,0.00037710003375395162,9.0143833700956623e-06,4.0998115243193551e-05,2.5361535371841043e-05,0.00014216968691225024,0.00011349705328978077
1.1287035878516623e-06,0.1122860373321938,0.0,0.0,0.0,0.0,0.99926258595048567,0.00038469920760609986,9.3685307962694281e-06,4.3250384020685877e-05,2.6424437626666825e-05,0.00015191231744500692,0.00012175917201946531
1.1575966375555028e-06,0.11228767285810043,0.0,0.0,0.0,0.0,0.99923266398170962,0.00039216416634195662,9.7242168837916001e-06,4.5565892199808237e-05,2.749258726877196e-05,0.00016202814344413405,0.00013036101215173975
1.1864896872593432e-06,0.11228934324115568,0.0,0.0,0.0,0.0,0.9992020921297321,0.00039949480884767571,1.0081137489188087e-05,4.7944641365694773e-05,2.8564953931255859e-05,0.00017251827876912449,0.00013930404986524323
1.2153827369631837e-06,0.11229104849938874,0.0,0.0,0.0,0.0,0.99917086979105552,0.00040669114071453989,1.0438996205282956e-05,5.0386599391851496e-05,2.9640533350016686e-05,0.00018338350377543656,0.00014858943550714393
1.2442757866670242e-06,0.11229278862228578,0.0,0.0,0.0,0.0,0.999138996898155,0.00041375327226829666,1.0797504695920935e-05,5.2891700088711442e-05,3.0718348527385202e-05,0.00019462427411239948,0.00015821800215231165
1.2731688363708647e-06,0.11229456357176945,0.0,0.0,0.0,0.0,0.99910647390244234,0.00042068141638906852,1.1156382993510121e-05,5.5459842990349474e-05,3.1797450769282843e-05,0.00020624072989932274,0.00016819027451626164
1.3020618860747051e-06,0.11229637328319482,0.0,0.0,0.0,0.0,0.99907330175681297,0.00042747588613576543,1.1515359759933404e-05,5.809089327478212e-05,3.2876920597480139e-05,0.00021823270523767808,0.00017850647818151366
1.3309549357785456e-06,0.1122982176663604,0.0,0.0,0.0,0.0,0.99903948189783165,0.00043413709218934055,1.1874172511531807e-05,6.0784681812768617e-05,3.3955868539090051e-05,0.00023059973801782188,0.00018916654909765848
1.359847985482386e-06,0.11230009660652901,0.0,0.0,0.0,0.0,0.99900501622763027,0.00044066554012957087,1.2232567809004919e-05,6.3541005339581432e-05,3.5033435795944004e-05,0.00024334107997944079,0.00020017014331618054
1.3887410351862266e-06,0.11230200996545547,0.0,0.0,0.0,0.0,0.99896990709557809,0.00044706182756027466,1.259030141320269e-05,6.6359626743823865e-05,3.6108794796963887e-05,0.00025645570698575319,0.00021151664692196074
1.417634084890067e-06,0.1123039575824186,0.0,0.0,0.0,0.0,0.99893415727979307,0.00045332664109800432,1.294713840789894e-05,6.9240275467043444e-05,3.7181149637063139e-05,0.0002699423294725249,0.00022320518612442108
1.4465271345939075e-06,0.11230593927525316,0.0,0.0,0.0,0.0,0.99889776996854929,0.00045946075323928173,1.3302853290739298e-05,7.2182648007618032e-05,3.8249736406485676e-05,0.00028379940303415048,0.0002352346374724682
1.475420184297748e-06,0.11230795484138022,0.0,0.0,0.0,0.0,0.99886074874163888,0.00046546501912136609,1.36572300336449e-05,7.518640852217958e-05,3.9313823414820311e-05,0.00029802513911038748,0.00024760363815870995
1.5043132340015885e-06,0.11231000405883182,0.0,0.0,0.0,0.0,0.99882309755174392,0.0004713403731913938,1.401006211402896e-05,7.8251189517680215e-05,4.0372711314212121e-05,0.00031261751573875526,0.00026031059637982349
1.533206283705429e-06,0.11231208668726861,0.0,0.0,0.0,0.0,0.99878482070586894,0.0004770878257984979,1.4361152518246312e-05,8.1376592627100349e-05,4.142573312652971e-05,0.00032757428833913297,0.0002733537017214411
1.5620993334092694e-06,0.11231420246898692,0.0,0.0,0.0,0.0,0.99874592284688102,0.00048270845972320133,1.4710313718746385e-05,8.4562189461742323e-05,4.2472254179440085e-05,0.00034289300049867904,0.00028673093553746105
1.59099238311311e-06,0.11231635112991421,0.0,0.0,0.0,0.0,0.9987064089352039,0.00048820342665801099,1.5057367626438157e-05,8.7807522533045975e-05,4.3511671956495164e-05,0.00035857099472686409,0.00030044008129531257
1.6198854328169504e-06,0.11231853238058953,0.0,0.0,0.0,0.0,0.99866628423071158,0.00049357394365269459,1.5402145519802472e-05,9.111210623689903e-05,4.4543415866444393e-05,0.00037460542315212328,0.00031447873486035283
1.6487784825207909e-06,0.11232074591712833,0.0,0.0,0.0,0.0,0.99862555427485211,0.00049882128953723402,1.5744487952302947e-05,9.4475427893492631e-05,4.5566946937059497e-05,0.00039099325813338572,0.00032884431469426117
1.6776715322246313e-06,0.11232299142216925,0.0,0.0,0.0,0.0,0.99858422487304521,0.00050394680133491565,1.6084244639652541e-05,9.7896948835889415e-05,4.6581757438794106e-05,0.0004077313027615206,0.00034353407194400506
1.7065645819284718e-06,0.11232526856580112,0.0,0.0,0.0,0.0,0.9985423020773827,0.0005089518706774287,1.6421274328488993e-05,0.00010137610554062034,4.7587370443601165e-05,0.00042481620122752017,0.00035854510039965386
1.7354576316323123e-06,0.11232757700646985,0.0,0.0,0.0,0.0,0.99849979216966367,0.00051383794023324722,1.6755444647999723e-05,0.00010491231079380785,4.8583339324201908e-05,0.00044224444903602966,0.00037387434630102454
1.7643506813361528e-06,0.11232991639186252,0.0,0.0,0.0,0.0,0.99845670164478906,0.00051860650015991762,1.708663194601625e-05,0.00010850495488652229,4.9569247199040581e-05,0.00046001240304460901,0.00038951861797483579
1.7932437310399933e-06,0.11233228635976909,0.0,0.0,0.0,0.0,0.99841303719454055,0.00052325908459022619,1.7414721111069986e-05,0.00011215340683330772,5.0544706328073174e-05,0.00047811629131086736,0.00040547459528571201
1.8510298304476742e-06,0.11233711654970722,0.0,0.0,0.0,0.0,0.99832401417607552,0.00053222266271372477,1.8061186114808781e-05,0.00011961511142926565,5.2462869063827094e-05,0.00051531619589600583,0.00043830779870686375
1.903037319914587e-06,0.11234156450556983,0.0,0.0,0.0,0.0,0.99824200124827112,0.00053990941611662584,1.8631422091407394e-05,0.00012651478668388941,5.4150163892628244e-05,0.00054990486359346284,0.0004688880993509078
1.9550448093815e-06,0.11234610555006908,0.0,0.0,0.0,0.0,0.99815824024640432,0.00054724591684192153,1.9190199010173349e-05,0.00013358462541715821,5.5798834146126754e-05,0.00058551840422844264,0.00050042177395188698
2.007052298848413e-06,0.11235073731504673,0.0,0.0,0.0,0.0,0.99807277533439465,0.00055424225869697414,1.9737126996318373e-05,0.00014082034270090807,5.7407578851574578e-05,0.0006221313778188675,0.0005328859805407857
2.059059788315326e-06,0.11235545739285911,0.0,0.0,0.0,0.0,0.99798565160148311,0.00056090873774634128,2.0271888305433405e-05,0.00014821752952702685,5.8975343031221914e-05,0.00065971769601652598,0.00056625720389011846
2.111067277782239e-06,0.11236026333999827,0.0,0.0,0.0,0.0,0.99789691483319054,0.00056725579805199375,2.079423272219699e-05,0.00015577167543899615,6.0501301915642832e-05,0.00069825076549836194,0.000600511393182141
2.163074767249152e-06,0.11236515269421238,0.0,0.0,0.0,0.0,0.99780661129913872,0.00057329398075658955,2.1303972909921913e-05,0.00016347819039378166,6.1984844961367118e-05,0.00073770362153114982,0.00063562409030853636
2.215082256716065e-06,0.11237012298086234,0.0,0.0,0.0,0.0,0.9977147875570902,0.00057903387660962209,2.180097976668459e-05,0.00017133242569011158,6.3425559886026196e-05,0.00077804905193104687,0.00067157054902632041
2.267089746182978e-06,0.11237517172394532,0.0,0.0,0.0,0.0,0.99762149027333558,0.00058448608204476481,2.2285177821990552e-05,0.00017932969385740344,6.4823216840730714e-05,0.00081925971126882782,0.00070832584483075623
2.319097235649891e-06,0.11238029645362553,0.0,0.0,0.0,0.0,0.99752676605885515,0.00058966115883713908,2.2756540722634488e-05,0.00018746528738959026,6.6177752884813995e-05,0.0008613082255432737,0.00074586497576738914
2.371104725116804e-06,0.1123854947141645,0.0,0.0,0.0,0.0,0.99743066132081937,0.00059456959733981019,2.3215086843143513e-05,0.00019573449624639243,6.748925688374296e-05,0.0009041672875054925,0.00078416295436199691
2.423112214583717e-06,0.11239076407046852,0.0,0.0,0.0,0.0,0.99733322212877662,0.00059922178324974646,2.3660875048365006e-05,0.00020413262407137288,6.8757954932259358e-05,0.00094780974294967268,0.00082319489097203917
2.47511970405063e-06,0.11239610211421057,0.0,0.0,0.0,0.0,0.99723449409490361,0.00060362796782178053,2.4094000627674297e-05,0.00021265500310595114,6.9984196371884898e-05,0.00099220866829710349,0.0008629360688720229
2.527127193517543e-06,0.11240150646909827,0.0,0.0,0.0,0.0,0.99713452226761923,0.00060779824141938849,2.4514591417165454e-05,0.00022129700779515311,7.116844045807055e-05,0.0010373374398546136,0.00090336201143658465
2.579134682984456e-06,0.1124069747955676,0.0,0.0,0.0,0.0,0.99703335103783464,0.00061174251026999875,2.4922804122147442e-05,0.00023005406709495071,7.2311243720040751e-05,0.0010831697951523092,0.00094444854180588745
2.631142172451369e-06,0.11241250479482064,0.0,0.0,0.0,0.0,0.99693102405708545,0.00061547047627462468,2.5318820848527984e-05,0.00023892167550335902,7.3413248045548751e-05,0.0011296798867963522,0.00098617183544616265
2.6831496619182818e-06,0.11241809421231203,0.0,0.0,0.0,0.0,0.99682758416676687,0.0006189916197079263,2.5702845848134616e-05,0.00024789540285027932,7.4475169508534983e-05,0.0011768423292868163,0.0010285084660314769
2.7351571513851948e-06,0.11242374084069442,0.0,0.0,0.0,0.0,0.99672307333770904,0.0006223151846346779,2.6075102479811211e-05,0.00025697090289185587,7.5497787945116271e-05,0.001224632239259059,0.0010714354450804791
2.7871646408521078e-06,0.11242944252228135,0.0,0.0,0.0,0.0,0.99661753261932839,0.00062545016686243625,2.6435830385114043e-05,0.00026614392076314736,7.6481937273757415e-05,0.0012730252696065716,0.0011149302557806771
2.8391721303190207e-06,0.1124351971510579,0.0,0.0,0.0,0.0,0.99651100209761412,0.0006284053042473315,2.6785282875205717e-05,0.00027541029934826148,7.7428496548513764e-05,0.001321997637938733,0.0011589708814279487
2.8911796197859337e-06,0.11244100267428274,0.0,0.0,0.0,0.0,0.99640352086122819,0.0006311890691698427,2.7123724524029874e-05,0.00028476598463084672,7.8338381728235062e-05,0.001371526149818297,0.0012035358289007715
2.9431871092528467e-06,0.11244685709371341,0.0,0.0,0.0,0.0,0.99629512697501943,0.00063380966299944976,2.7451428961511045e-05,0.00029420703009049682,7.9212538139391121e-05,0.0014215882172119159,0.001248604147577728
2.9951945987197597e-06,0.11245275846649415,0.0,0.0,0.0,0.0,0.99618585746028643,0.0006362750123709304,2.7768676859199073e-05,0.00030372960021231537,8.0051933605883367e-05,0.0014721618725723373,0.001294155444092838
3.0472020881866727e-06,0.1124587049057358,0.0,0.0,0.0,0.0,0.99607574828114609,0.00063859276710048621,2.8075754099764395e-05,0.00031332997317743148,8.0857552215946502e-05,0.0015232257789535432,0.001340169893306737
3.0992095776535857e-06,0.1124646945808211,0.0,0.0,0.0,0.0,0.99596483433641236,0.00064077029957659327,2.8372950121156466e-05,0.00032300454280175032,8.1630388693944235e-05,0.0015747592365407187,0.0013866282458534496
3.1512170671204987e-06,0.11247072571746423,0.0,0.0,0.0,0.0,0.99585314945641357,0.00064281470546817228,2.8660556425875333e-05,0.00033274981978886252,8.2371443343433052e-05,0.0016267421859565401,0.0014335118326033306
3.2032245565874117e-06,0.11247679659755058,0.0,0.0,0.0,0.0,0.99574072640421774,0.00064473280560103322,2.8938865245548034e-05,0.00034256243236111363,8.3081717527111443e-05,0.0016791552086843674,0.0014808025663630294
3.2552320460543246e-06,0.11248290555878417,0.0,0.0,0.0,0.0,0.99562759688076641,0.00064653114886235733,2.9208168350885833e-05,0.00035243912633047447,8.3762209648972528e-05,0.0017319795249276652,0.0015284829411133856
3.3072395355212376e-06,0.11248905099416402,0.0,0.0,0.0,0.0,0.99551379153345876,0.0006482160160020563,2.9468755997147259e-05,0.00036237676466814269,8.4413911604080816e-05,0.0017851969892036254,0.0015765360290660882
3.3592470249881506e-06,0.11249523135131292,0.0,0.0,0.0,0.0,0.99539933996775731,0.00064979342420902161,2.9720915995389463e-05,0.00037237232662879947,8.5037805661906403e-05,0.001838790083947638,0.0016249454757999802
3.4112545144550636e-06,0.11250144513167723,0.0,0.0,0.0,0.0,0.99528427076141546,0.0006512691323494451,2.9964932900019326e-05,0.00038242290648221442,8.5634861750028758e-05,0.0018927419113844467,0.0016736954937183357
3.4632620039219766e-06,0.11250769088961679,0.0,0.0,0.0,0.0,0.99516861148097413,0.00065264864676342453,3.0201087303459801e-05,0.00039252571190156874,8.6206035106144467e-05,0.0019470361839016323,0.0017227708540495062
3.5152694933888896e-06,0.11251396723140104,0.0,0.0,0.0,0.0,0.99505238870018731,0.00065393722752483507,3.0429655229116078e-05,0.00040267806205447252,8.675226426759675e-05,0.0020016572131415799,0.0017721568775951036
3.5672769828558026e-06,0.1125202728141268,0.0,0.0,0.0,0.0,0.99493562802007773,0.00065513989507793192,3.0650907614230584e-05,0.00041287738543928609,8.7274469369057677e-05,0.0020565898980095198,0.001821839424412464
3.6192844723227155e-06,0.11252660634457137,0.0,0.0,0.0,0.0,0.99481835409034758,0.00065626143717225488,3.0865109874638261e-05,0.00042312121750603059,8.7773550720512001e-05,0.0021118197117774981,0.0018718048826015467
3.6712919617896285e-06,0.11253296657799318,0.0,0.0,0.0,0.0,0.99470059063189575,0.00065730641602511331,3.1072521543876002e-05,0.00043340719809791851,8.825038763927302e-05,0.0021673326884474003,0.0019220401563507432
3.7232994512565415e-06,0.11253935231689151,0.0,0.0,0.0,0.0,0.99458236046021298,0.00065827917564820649,3.1273395979556677e-05,0.00044373306874639213,8.870583751136729e-05,0.0022231154085203464,0.0019725326533812449
3.7753069407234545e-06,0.11254576240973457,0.0,0.0,0.0,0.0,0.99446368550945796,0.00065918384928177092,3.1467980130377306e-05,0.00045409666984954418,8.9140735059238551e-05,0.0022791549843050704,0.0020232702719158685
3.827314430190367e-06,0.11255219574966627,0.0,0.0,0.0,0.0,0.99434458685703164,0.00066002436688601131,3.1656514357579976e-05,0.00046449593776092153,8.9555891794313884e-05,0.0023354390448840951,0.0020742413872852669
3.87932191965728e-06,0.11255865127319778,0.0,0.0,0.0,0.0,0.99422508474848548,0.00066080446264550499,3.1839232305125729e-05,0.00047492890181300237,8.9952095634536134e-05,0.0023919557208437465,0.0021254348382725406
3.931329409124192e-06,0.11256512795889258,0.0,0.0,0.0,0.0,0.99410519862262492,0.00066152768244772656,3.2016360813271818e-05,0.00048539368129708898,9.0330110668477391e-05,0.0024486936288622605,0.0021768399132861137
3.983336898591105e-06,0.11257162482605015,0.0,0.0,0.0,0.0,0.99398494713667962,0.00066219739130188998,3.2188119870656516e-05,0.00049588848241896837,9.0690677049105176e-05,0.0025056418562392894,0.0022284463364405809
4.035344388058017e-06,0.1125781409333946,0.0,0.0,0.0,0.0,0.99386434819142566,0.000662816780668894,3.2354722600391546e-05,0.00050641159524746776,9.1034511001662313e-05,0.002562789945440111,0.0022802442536157415
4.08735187752493e-06,0.11258467537777195,0.0,0.0,0.0,0.0,0.99374341895616969,0.00066338887567738846,3.2516375276039145e-05,0.000516961390670992,9.136230493144828e-05,0.0026201278787187222,0.0023322242185555226
4.191366856458756e-06,0.11259779584796681,0.0,0.0,0.0,0.0,0.9935006347829507,0.00066440249345726227,3.2825621650318168e-05,0.00053813489891846105,9.1972424683342847e-05,0.0027353353146579041,0.0024366944636821605
4.284980337499199e-06,0.11260965865872749,0.0,0.0,0.0,0.0,0.99328115756889956,0.0006651801921440791,3.3088945273815649e-05,0.00055726751624331759,9.2473142574364296e-05,0.0028395792458184789,0.0025312533890465452
4.378593818539641e-06,0.11262156844310588,0.0,0.0,0.0,0.0,0.99306084637964831,0.00066584483285417274,3.3339132295573849e-05,0.00057646462778591131,9.2931598290616087e-05,0.0029443009880079879,0.0026262724411175117
4.472207299580084e-06,0.11263352114872441,0.0,0.0,0.0,0.0,0.99283977807506729,0.00066640893800178438,3.3577148108781167e-05,0.00059571926651451356,9.3351009221151194e-05,0.0030494560634498746,0.0027217094996364322
4.565820780620527e-06,0.11264551302325941,0.0,0.0,0.0,0.0,0.99261802370420549,0.00066688380202478638,3.3803894228273204e-05,0.00061502508560520798,9.3734373546495582e-05,0.0031550034614257188,0.0028175256789640031
4.65943426166097e-06,0.11265754059974512,0.0,0.0,0.0,0.0,0.99239564890306409,0.00066727959699355236,3.4020211120009431e-05,0.00063437631013490113,9.4084480489140801e-05,0.0032609053939750749,0.0029136851042230582
4.7530477427014126e-06,0.11266960067218068,0.0,0.0,0.0,0.0,0.99217271427196518,0.00066760547115934672,3.4226881179953936e-05,0.00065376769145043638,9.4403921034606571e-05,0.0033671270644314729,0.0030101546987789281
4.846661223741855e-06,0.11268169028016004,0.0,0.0,0.0,0.0,0.99194927573304259,0.00066786964064507776,3.4424631791966618e-05,0.00067319446423437512,9.4695098845459962e-05,0.0034736364485423573,0.0031069039828984218
4.940274704782298e-06,0.11269380668977723,0.0,0.0,0.0,0.0,0.99172538486732087,0.00066807947436342714,3.4614138426656088e-05,0.00069265230629562155,9.496024124099296e-05,0.0035804040884535632,0.003203904883898585
5.033888185822741e-06,0.11270594737804294,0.0,0.0,0.0,0.0,0.99150108923163094,0.00066824157243742589,3.4796027717368511e-05,0.00071213730106120217,9.5201410036009363e-05,0.00368740289940358,0.0033011315577136571
5.127501666863184e-06,0.11271811001702847,0.0,0.0,0.0,0.0,0.99127643265558729,0.00066836183840074316,3.497088047024125e-05,0.00073164590271714361,9.5420512110608563e-05,0.003794607988946333,0.0033985602217675766
5.2211151479036265e-06,0.11273029245969499,0.0,0.0,0.0,0.0,0.99105145551938678,0.00066844554551226528,3.5139234583963735e-05,0.00075117490390333864,9.5619309617258813e-05,0.003901996488232389,0.003496168998764071
5.314728628944069e-06,0.11274249272630783,0.0,0.0,0.0,0.0,0.9908261950131827,0.00066849739752127533,3.5301587864646542e-05,0.00077072140584873909,9.5799429782073681e-05,0.0040095473948418359,0.003593937770958754
5.408342109984512e-06,0.11275470899197033,0.0,0.0,0.0,0.0,0.9906006853788899,0.00066852158423144755,3.5458400722741405e-05,0.0007902827908236184,9.5962374268772956e-05,0.0041172414266240527,0.0036918480444392263
5.501955591024955e-06,0.11276693957490204,0.0,0.0,0.0,0.0,0.99037495813521925,0.00066852183220976447,3.5610098743683707e-05,0.00080985669678388468,9.6109528077511011e-05,0.0042250608860123183,0.0037898828229534615
5.595569072065398e-06,0.11277918292558761,0.0,0.0,0.0,0.0,0.99014904228679501,0.00066850145098460237,3.5757075126877555e-05,0.00082944099407888201,9.6242167958256343e-05,0.004332989534255682,0.0038880264908005501
5.68918255310584e-06,0.1127914376166684,0.0,0.0,0.0,0.0,0.98992296451825024,0.00066846337506808553,3.5899692989241671e-05,0.00084903376409143467,9.6361470334581687e-05,0.0044410124749923157,0.0039862647042739263
5.782796034146283e-06,0.11280370233358103,0.0,0.0,0.0,0.0,0.9896967493742026,0.00066841020212507517,3.6038287533434233e-05,0.00086863327967869215,9.6468518744533344e-05,0.004549116046580177,0.0040845842911352796
5.876409515186726e-06,0.11281597586586997,0.0,0.0,0.0,0.0,0.98947041942599667,0.00066834422759508446,3.6173168084293351e-05,0.00088823798728586184,9.6564310810129416e-05,0.0046572877226168331,0.0041829731576109828
5.970022996227169e-06,0.11282825709914357,0.0,0.0,0.0,0.0,0.98924399542605557,0.00066826747605664674,3.6304619997138255e-05,0.00090784649061027769,9.6649764750227272e-05,0.0047655160201059222,0.0042814202024242356
6.0636364772676115e-06,0.11284054500762375,0.0,0.0,0.0,0.0,0.98901749645064996,0.00066818172960665277,3.6432906441479858e-05,0.00092745753569899896,9.6725725453917756e-05,0.0048737904147523577,0.0043799152373966378
6.157249958308054e-06,0.11285283864725307,0.0,0.0,0.0,0.0,0.98879094003186518,0.00066808855351002097,3.6558270065084788e-05,0.00094706999736874763,9.679297013304229e-05,0.0049821012628881653,0.0044784489141698096
6.250863439348497e-06,0.11286513714932002,0.0,0.0,0.0,0.0,0.98856434227951306,0.00066798931935775478,3.6680934544173379e-05,0.0009666828668427952,9.6852213574310459e-05,0.0050904397295522038,0.0045770126566157332
6.34447692038894e-06,0.11287743971456932,0.0,0.0,0.0,0.0,0.98833771799370274,0.00066788522595422864,3.6801106025400172e-05,0.00098629524050564414,9.6904113013128538e-05,0.0051987977222728073,0.0046755985985261197
6.438090401429383e-06,0.1128897456077597,0.0,0.0,0.0,0.0,0.98811108076873722,0.0006677773181378245,3.6918974465431064e-05,0.0010059063096828759,9.6949272651255939e-05,0.0053071678301298691,0.0047741995261955167
6.5317038824698254e-06,0.1129020541526385,0.0,0.0,0.0,0.0,0.98788444308896584,0.00066766650372313777,3.7034714874192853e-05,0.0010255153513600008,9.6988247839638352e-05,0.0054155432676999014,0.0048728088255371744
6.625317363510268e-06,0.11291436472730175,0.0,0.0,0.0,0.0,0.98765781641718053,0.00066755356873796914,3.7148488467624412e-05,0.001045121719760254,9.7021548947392024e-05,0.0055239178235130986,0.004971420433393086
6.718930844550711e-06,0.11292667675991225,0.0,0.0,0.0,0.0,0.98743121127610944,0.0006674391911141522,3.7260443735481626e-05,0.0010647248387071341,9.7049644937559736e-05,0.0056322858126754329,0.0050700287927208246
6.812544325591154e-06,0.1129389897247494,0.0,0.0,0.0,0.0,0.98720463732352726,0.00066732395297792622,3.73707174297292e-05,0.0010843241947030399,9.7072966669464535e-05,0.00574064203333204,0.0051686288113606503
6.9061578066315966e-06,0.11295130313856515,0.0,0.0,0.0,0.0,0.98697810342146297,0.00066720835167304504,3.7479435478905159e-05,0.0011039193306607556,9.7091909946579209e-05,0.0058489817266710459,0.0052672158241068275
6.999771287672039e-06,0.11296361655722387,0.0,0.0,0.0,0.0,0.98675161769995523,0.00066709280963819697,3.7586713833499793e-05,0.001123509840229584,9.7106838327948959e-05,0.0059573005401888325,0.005365785557826813
7.093384768712482e-06,0.11297592957260416,0.0,0.0,0.0,0.0,0.98652518761577157,0.00066697768324956285,3.7692659247121348e-05,0.001143095362662695,9.7118085720211854e-05,0.0060655944939583392,0.0054643340993904416
7.186998249752925e-06,0.1129882418097429,0.0,0.0,0.0,0.0,0.98629882000647995,0.00066686327072941877,3.7797369998017885e-05,0.0011626755781766755,9.7125958766227464e-05,0.006173859949660983,0.0055628578661885376
7.280611730793368e-06,0.11300055292420269,0.0,0.0,0.0,0.0,0.98607252114023114,0.0006667498192125446,3.7900936555255826e-05,0.0011822502037583619,9.713073904538774e-05,0.0062820935821607969,0.0056613535790365462
7.3742252118338105e-06,0.11301286259964649,0.0,0.0,0.0,0.0,0.98584629676158464,0.00066663753105378372,3.8003442193570086e-05,0.0012018189893778781,9.7132685099770051e-05,0.0063902923534161233,0.0057598182372740822
7.467838692874253e-06,0.11302517054560195,0.0,0.0,0.0,0.0,0.98562015213369136,0.00066652656945237314,3.8104963560664661e-05,0.0012213817145703429,9.7132034299347099e-05,0.0064984534885401844,0.0058582490958856686
7.561452173914696e-06,0.11303747649540273,0.0,0.0,0.0,0.0,0.98539409207710982,0.00066641706346158396,3.8205571200506922e-05,0.0012409381853519667,9.7129004558552684e-05,0.0066065744538362893,0.0059566436444812776
7.65506565495514e-06,0.11304978020429107,0.0,0.0,0.0,0.0,0.98516812100552797,0.00066630911244577092,3.8305330035911625e-05,0.0012604882314393264,9.7123795915659712e-05,0.0067146529366473827,0.0060549995879878417
7.748679135995583e-06,0.11306208144767053,0.0,0.0,0.0,0.0,0.9849422429586302,0.00066620279004101402,3.8404299813479605e-05,0.0012800317037433113,9.7116591985621191e-05,0.0068226868268720237,0.006153314828914294
7.842292617036027e-06,0.11307438001949688,0.0,0.0,0.0,0.0,0.98471646163233351,0.00066609814767017216,3.850253551375139e-05,0.0012995684721118336,9.7107561296252225e-05,0.0069306742000107254,0.006251587451063554
7.93590609807647e-06,0.11308667573079587,0.0,0.0,0.0,0.0,0.98449078040660576,0.00066599521765826485,3.8600087729233752e-05,0.0013190984232977062,9.7096858516907217e-05,0.0070386133016174055,0.0063498157045747128
8.123133060157356e-06,0.11311125789356385,0.0,0.0,0.0,0.0,0.98403973034338399,0.0006657945439534844,3.8793324118513346e-05,0.00135813749532232,9.7070992547936829e-05,0.0072543404412749035,0.0065461328593990299
8.291637326030154e-06,0.1131333704647314,0.0,0.0,0.0,0.0,0.98363415592986492,0.00066561981783873488,3.8965328768358495e-05,0.0013932484946791019,9.7043300519289127e-05,0.0074483151807722041,0.0067226519475571843
8.460141591902952e-06,0.1131554714719021,0.0,0.0,0.0,0.0,0.98322894646365,0.00066545052919997816,3.9135739230797097e-05,0.0014283362429383226,9.7012073113421254e-05,0.0076421126201390325,0.0068990063317285553
8.62864585777575e-06,0.11317756028342865,0.0,0.0,0.0,0.0,0.98282411316582097,0.00066528647274131708,3.9304731947573063e-05,0.0014634004885925502,9.6977840644286675e-05,0.0078357270494488675,0.0070751902508042318
8.797150123648548e-06,0.1131996363434177,0.0,0.0,0.0,0.0,0.98241966550708426,0.00066512739184839494,3.9472458732517078e-05,0.0014984410530773074,9.6941056966379956e-05,0.0080291536789733886,0.0072511988533178013
8.965654389521345e-06,0.11322169919343471,0.0,0.0,0.0,0.0,0.98201561145743776,0.0006649729973575042,3.9639050199543603e-05,0.001533457816008679,9.6902110457678297e-05,0.0082223885033361199,0.0074270280652027091
9.134158655394143e-06,0.11324374843618436,0.0,0.0,0.0,0.0,0.98161195770053356,0.00066482298206509138,3.9804618738369629e-05,0.0015684507031191515,9.6861333410256279e-05,0.0084154281855145906,0.0076026744766190691
9.302662921266941e-06,0.11326578373965311,0.0,0.0,0.0,0.0,0.98120870981787056,0.00066467703177827404,3.9969261078153877e-05,0.0016034196764293256,9.6819010088512934e-05,0.0086082699577375091,0.0077781352450176661
9.471167187139739e-06,0.11328780482187942,0.0,0.0,0.0,0.0,0.98080587244578843,0.00066453483340914588,4.0133060462497005e-05,0.0016383647263728824,9.6775383603709569e-05,0.0088009115375602496,0.0079534080128032033
9.639671453012537e-06,0.11330981144622186,0.0,0.0,0.0,0.0,0.98040344941015678,0.00066439608089054376,4.0296088526284842e-05,0.0016732858654315095,9.67306617983262e-05,0.0089933510562742215,0.0081284908369224449
9.808175718885335e-06,0.11333180341397639,0.0,0.0,0.0,0.0,0.98000144384229326,0.00066426047944425303,4.0458406926115692e-05,0.0017081831229708217,9.6685022292774235e-05,0.0091855869976206952,0.0083033821284519537
9.976679984758133e-06,0.11335378055955628,0.0,0.0,0.0,0.0,0.97959985827882023,0.00066412774856117651,4.0620068736912274e-05,0.0017430565410568859,9.6638616840031234e-05,0.0093776181452823962,0.0084780806007023948
9.999999999999997e-06,0.11337574274558203,0.0,0.0,0.0,0.0,0.9795443143654704,0.00066410959044760202,4.0642392720018555e-05,0.0017478809451834433,9.6632141774975825e-05,0.0094041779557613083,0.0085022426086421073
1.014518425063093e-05,0.11337574274558203,0.0,0.0,0.0,0.0,0.97919869474739241,0.00066399762391586574,4.078111965423824e-05,0.0017779061711096563,9.659157505936323e-05,0.0095694435380630147,0.0086525852248056229
1.0313688516503728e-05,0.1133976898589191,0.0,0.0,0.0,0.0,0.97879795484012988,0.00066386985842779302,4.0941599036926129e-05,0.0018127320712568104,9.6544007620132352e-05,0.0097610624317243776,0.0088268951918043705
1.0482192782376526e-05,0.11341962180717319,0.0,0.0,0.0,0.0,0.97839763977652028,0.0006637442226811195,4.1101540797424208e-05,0.0018475343042529278,9.6496008971466886e-05,0.0099524742664950632,0.0090010098802815759
1.0650697048249324e-05,0.11344153851575718,0.0,0.0,0.0,0.0,0.97799775045740867,0.00066362050488539203,4.1260974163899824e-05,0.0018823129358455574,9.6447659686892833e-05,0.010143678639346888,0.0091749288286626113
1.0819201314122122e-05,0.11346343992533785,0.0,0.0,0.0,0.0,0.97759828751137012,0.00066349851050558333,4.1419924343282455e-05,0.0019170680334998835,9.63990284695444e-05,0.010334675280312327,0.0093486517114992583
1.098770557999492e-05,0.11348532598966002,0.0,0.0,0.0,0.0,0.97719925133450591,0.00066337806164859991,4.1578413091284169e-05,0.001951799665417043,9.6350173871807208e-05,0.01052546403228205,0.0095221783191832728
1.1156209845867718e-05,0.11350719667366302,0.0,0.0,0.0,0.0,0.97680064212454221,0.00066325899627428986,4.1736459198366596e-05,0.0019865078997929756,9.6301145771383122e-05,0.010716044833801831,0.0096955085406188364
1.1324714111740515e-05,0.11352905195185342,0.0,0.0,0.0,0.0,0.97640245991003349,0.00066314116729141283,4.1894078910155675e-05,0.0020211928042706026,9.6251986631117718e-05,0.010906417704429532,0.0098686423484337527
1.1493218377613313e-05,0.11355089180691746,0.0,0.0,0.0,0.0,0.97600470457537958,0.00066302444159042082,4.2051286289787451e-05,0.0020558544455438863,9.6202732576223003e-05,0.011096582732267792,0.010041579786352632
1.1661722643486111e-05,0.1135727162285379,0.0,0.0,0.0,0.0,0.97560737588226665,0.00066290869905190938,4.2208093526876517e-05,0.0020904928890802953,9.6153414319366954e-05,0.011286540063345755,0.010214320958409365
1.1830226909358909e-05,0.11359452521237018,0.0,0.0,0.0,0.0,0.97521047348804069,0.00066279383155653908,4.2364511203841244e-05,0.002125108198936446,9.6104057951956344e-05,0.011476289892576506,0.010386866019734226
1.1998731175231707e-05,0.11361631875916511,0.0,0.0,0.0,0.0,0.97481399696143556,0.00066267974201403572,4.2520548525892303e-05,0.0021597004376472067,9.6054685619838137e-05,0.011665832456064095,0.010559215168693519
1.2335739706977303e-05,0.11365985956609971,0.0,0.0,0.0,0.0,0.97402231941698569,0.00066245355808986774,4.2831513109448123e-05,0.0022288159439860285,9.5955965112951808e-05,0.012044296900355324,0.010903326702360557
1.2639047385548338e-05,0.11369899358506358,0.0,0.0,0.0,0.0,0.97331126038895366,0.00066225187283785103,4.3110150929384752e-05,0.0022909415914886891,9.586722217312874e-05,0.012384209052491671,0.011212359721125456
1.2942355064119373e-05,0.1137380777598191,0.0,0.0,0.0,0.0,0.97260157164966876,0.00066205160823448609,4.3387654696200705e-05,0.0023529933895483101,9.5778644653511782e-05,0.012723454621475753,0.011520762431722942
1.3245662742690408e-05,0.11377711221126055,0.0,0.0,0.0,0.0,0.97189324886553763,0.00066185248460525793,4.3664048617350448e-05,0.0024149716482311278,9.5690278582556194e-05,0.01306203580676211,0.011828536867663945
1.3548970421261443e-05,0.11381609705638827,0.0,0.0,0.0,0.0,0.97118628744449687,0.00066165427681627695,4.3939352365285191e-05,0.0024768766644106123,9.5602157383326407e-05,0.013399954919620953,0.012135685184906625
1.3852278099832478e-05,0.11385503243881556,0.0,0.0,0.0,0.0,0.97048068261140208,0.00066145680444248142,4.4213582172048333e-05,0.0025387087232059645,9.5514305151442506e-05,0.013737214348359349,0.012442209625266669
1.4155585778403513e-05,0.11389391850190901,0.0,0.0,0.0,0.0,0.96977642946490639,0.00066125992350793167,4.4486751693646693e-05,0.0026004680993890442,9.542673908912366e-05,0.014073816532403036,0.012748112489010777
1.4458893456974548e-05,0.11393275539922575,0.0,0.0,0.0,0.0,0.96907352301950134,0.00066106351953366829,4.4758872682054442e-05,0.0026621550587474277,9.5339471278065173e-05,0.01440976394346451,0.013053396114792793
1.4762201135545584e-05,0.11397154328675144,0.0,0.0,0.0,0.0,0.96837195823556299,0.00066086750180352862,4.5029955425615358e-05,0.0027237698593478477,9.5252509993019145e-05,0.014745059072412258,0.013358062865454632
1.5065508814116619e-05,0.114010282323694,0.0,0.0,0.0,0.0,0.96767173004163487,0.00066067179868390725,4.5300009084760027e-05,0.0027853127526364543,9.5165860673205259e-05,0.015079704419699717,0.013662115117587264
1.5368816492687655e-05,0.11404897267072203,0.0,0.0,0.0,0.0,0.96697283335147766,0.00066047635383144972,4.5569041986867274e-05,0.0028467839843630072,9.5079526632396778e-05,0.015413702488106456,0.013965555253602189
1.5672124171258692e-05,0.11408761448972442,0.0,0.0,0.0,0.0,0.96627526307707778,0.00066028112311345072,4.5837061819192359e-05,0.0029081837953566277,9.4993509640674202e-05,0.015747055777290613,0.014268385655701555
1.597543184982973e-05,0.11412620794308487,0.0,0.0,0.0,0.0,0.965579014138226,0.00066008607210911539,4.6104075772252477e-05,0.0029695124221852647,9.4907810355618618e-05,0.016079766779867978,0.014570608701483658
1.6278739528400766e-05,0.11416475319320127,0.0,0.0,0.0,0.0,0.9648840814693177,0.00065989117409120154,4.6370090670866524e-05,0.0030307700977182119,9.4822428604487453e-05,0.016411837978711704,0.014872226760885787
1.6582047206971803e-05,0.11420325040220175,0.0,0.0,0.0,0.0,0.96419046002419195,0.00065969640841367536,4.6635113050673874e-05,0.0030919570515933236,9.4737363608845166e-05,0.016743271845108518,0.015173242194032766
1.7188662564113873e-05,0.1142801013429858,0.0,0.0,0.0,0.0,0.96280713073620972,0.00065930721513354155,4.7162205236854198e-05,0.0032141196987892826,9.4568178638160979e-05,0.017404237401043843,0.015773474564948545
1.7795277921255943e-05,0.11435676205011411,0.0,0.0,0.0,0.0,0.96142898640907515,0.00065891840608439678,4.76854008005679e-05,0.0033360021490279174,9.4400242569200421e-05,0.018062682943920577,0.016371324448522295
1.8401893278398013e-05,0.11443323379268099,0.0,0.0,0.0,0.0,0.96005598763819355,0.0006585299327392523,4.8204746298304718e-05,0.0034576061541221866,9.4233540046210107e-05,0.018718627731267805,0.016966810257332751
1.9008508635540084e-05,0.11450951783393772,0.0,0.0,0.0,0.0,0.95868809549905643,0.00065814177020339672,4.8720286818831118e-05,0.0035789334372543181,9.4068054546555161e-05,0.019372090777305794,0.017559950174814772
1.9615123992682154e-05,0.11458561540918352,0.0,0.0,0.0,0.0,0.95732527155349545,0.00065775390845060398,4.9232066352165365e-05,0.0036999856961940653,9.3903768968651476e-05,0.020023090852972113,0.018150762153566834
2.0221739349824224e-05,0.11466152774525437,0.0,0.0,0.0,0.0,0.95596747785158553,0.00065736634613843936,4.9740127914071453e-05,0.0038207646056663972,9.3740666216467661e-05,0.02067164648723175,0.018739263915247349
2.0828354706966294e-05,0.11473725605058403,0.0,0.0,0.0,0.0,0.95461467692952306,0.00065697908653647712,5.0244513769833279e-05,0.0039412718190430535,9.3578729412534459e-05,0.021317775969528857,0.019325472952185979
2.1434970064108365e-05,0.11481280151858037,0.0,0.0,0.0,0.0,0.95326683180199512,0.00065659213539564284,5.0745265392696063e-05,0.0040615089694562723,9.3417942063150596e-05,0.021961497354380327,0.019909406531316957
2.2041585421250435e-05,0.11488816532740427,0.0,0.0,0.0,0.0,0.95192390595268594,0.00065620550000858324,5.1242423569463712e-05,0.0041814776705200712,9.3258287934223075e-05,0.022602828466362048,0.020491081698919625
2.2648200778392505e-05,0.11496334863905601,0.0,0.0,0.0,0.0,0.95058586332514927,0.00065581918858899,5.1736028317517833e-05,0.0043011795169129313,9.3099751148159187e-05,0.023241786904877465,0.021070515285005673
2.3254816135534575e-05,0.11503835260114104,0.0,0.0,0.0,0.0,0.94925266831535193,0.00065543320972517079,5.2226119046634588e-05,0.0044206160848871724,9.2942316084953979e-05,0.023878390047933525,0.02164772390697077
2.3861431492676646e-05,0.11511317834618354,0.0,0.0,0.0,0.0,0.94792428576323395,0.00065504757199060155,5.2712734409129687e-05,0.004539788932738268,9.2785967567611088e-05,0.024512655056504382,0.022222723973556006
2.4468046849818716e-05,0.11518782699316882,0.0,0.0,0.0,0.0,0.94660068094465355,0.00065466228383722735,5.3195912532044077e-05,0.0046586996011648996,9.2630690622778894e-05,0.025144598878408718,0.022795531688780901
2.5074662206960786e-05,0.11526229964586374,0.0,0.0,0.0,0.0,0.94528181956203139,0.00065427735355752666,5.3675690728383707e-05,0.0047773496136255195,9.2476470751047505e-05,0.025774238253065036,0.023366163056240938
2.5681277564102856e-05,0.11533659739546956,0.0,0.0,0.0,0.0,0.94396766773768959,0.0006538927892991923,5.4152105945236958e-05,0.0048957404766133295,9.2323293491206968e-05,0.026401589714520644,0.023934633882440985
2.6287892921244927e-05,0.11541072131803613,0.0,0.0,0.0,0.0,0.94265819200458079,0.0006535085989531962,5.4625194210083805e-05,0.0050138736800258371,9.2171144989244781e-05,0.027026669596321679,0.024500959780919172
2.6894508278386997e-05,0.11548467247776163,0.0,0.0,0.0,0.0,0.94135335930092523,0.00065312479016514332,5.5094991254828936e-05,0.0051317506974087202,9.2020011378934148e-05,0.027649494033816745,0.025065156175050327
2.7501123635529067e-05,0.11555845192502255,0.0,0.0,0.0,0.0,0.94005313696094284,0.00065274137029924827,5.5561531867628111e-05,0.0052493729862903814,9.1869879431293139e-05,0.028270078969047735,0.025627238302120704
2.8107738992671137e-05,0.11563206069842355,0.0,0.0,0.0,0.0,0.93875749270979991,0.00065235834653531641,5.6024850926123235e-05,0.005366741988388303,9.1720735532771554e-05,0.028888440152657496,0.02618722121616001
2.8714354349813208e-05,0.1157054998218924,0.0,0.0,0.0,0.0,0.93746639465265824,0.00065197572573797791,5.6484981639259723e-05,0.0054838591299962158,9.1572567438907287e-05,0.029504593150213681,0.026745119792315742
2.9320969706955278e-05,0.1157787703104921,0.0,0.0,0.0,0.0,0.93617981127486793,0.00065159351468007558,5.6941958501054869e-05,0.0056007258220419597,9.1425361343135507e-05,0.03011855334050402,0.027300948728061991
2.9927585064097348e-05,0.1158518731626529,0.0,0.0,0.0,0.0,0.93489771145093914,0.00065121171971896613,5.7395812968810444e-05,0.0057173434599848373,9.1279106162543564e-05,0.030730335913407542,0.027854722536818245
3.053420042123942e-05,0.11592480937515903,0.0,0.0,0.0,0.0,0.93362006437123934,0.00065083034712448793,5.7846578352721402e-05,0.0058337134257524965,9.1133788722245511e-05,0.031339955903434823,0.028406455585373806
3.1140815778381496e-05,0.11599757990290928,0.0,0.0,0.0,0.0,0.93234683961560638,0.00065044940285253962,5.8294285640122748e-05,0.0059498370859410151,9.0989397868989063e-05,0.031947428155587952,0.028956162056503001
3.174743113552357e-05,0.1160701857445602,0.0,0.0,0.0,0.0,0.93107800708495281,0.00065006889274990477,5.8738966922196776e-05,0.0060657157936322547,9.0845921105466967e-05,0.032552767357272562,0.029503855983364791
3.235404649266564e-05,0.11614262783314425,0.0,0.0,0.0,0.0,0.92981353703794645,0.00064968882233372254,5.9180652008748003e-05,0.0061813508875577603,9.0703347931440171e-05,0.033155988021981067,0.030049551230240841
3.2960661849807716e-05,0.11621490710376502,0.0,0.0,0.0,0.0,0.92855340011010246,0.00064930919706988465,5.9619372616961008e-05,0.0062967436916869573,9.0561665662764523e-05,0.03375710447761366,0.030593261485247287
3.356727720694979e-05,0.11628702451316425,0.0,0.0,0.0,0.0,0.92729756723542711,0.00064893002222949042,6.0055157945918538e-05,0.0064118955172259035,9.0420863931351986e-05,0.034356130907422872,0.0311350002958172
3.4173892564091864e-05,0.11635898098275826,0.0,0.0,0.0,0.0,0.92604600965122608,0.00064855130281983846,6.0488037064666346e-05,0.0065268076626674538,9.0280932244995253e-05,0.034953081346450324,0.031674781067526428
3.5387123278376004e-05,0.11650241466754577,0.0,0.0,0.0,0.0,0.92355560737912501,0.00064779524923481936,6.13451929909929e-05,0.0067559180301164394,9.0003635355375203e-05,0.036140809374708927,0.032748521138468517
3.643222504064343e-05,0.11662546363352147,0.0,0.0,0.0,0.0,0.9214237726261425,0.00064714547326041394,6.2074511699124589e-05,0.0069525216047584843,8.9767457632595159e-05,0.0371574128009265,0.033667305525580525
3.737281662668411e-05,0.11673580982313268,0.0,0.0,0.0,0.0,0.91951564150520626,0.00064656188435112611,6.2723857683154495e-05,0.0071288714949750811,8.9556982846677289e-05,0.038067248292503603,0.034489395982434314
3.831340821272479e-05,0.11684578250737189,0.0,0.0,0.0,0.0,0.9176173730706364,0.00064597945678283137,6.3366637400025843e-05,0.0073046640072815527,8.9348445664084588e-05,0.038972295645003888,0.035306972737231088
3.925399979876547e-05,0.11695538460357345,0.0,0.0,0.0,0.0,0.91572886864156167,0.00064539820463751,6.4002948684020706e-05,0.0074799036317865671,8.9141811008818729e-05,0.03987260300468852,0.036120081757632851
4.019459138480615e-05,0.11706461944103112,0.0,0.0,0.0,0.0,0.91385003131253861,0.00064481814129787977,6.4632887313468253e-05,0.0076545947878363992,8.8937044579373307e-05,0.040768217649492643,0.03692876817694149
4.113518297084683e-05,0.11717348996497076,0.0,0.0,0.0,0.0,0.91198076571209163,0.0006442392793136356,6.5256547150428535e-05,0.0078287418306187805,8.8734112814246315e-05,0.041659186108076354,0.037733076409935062
4.2075774556887514e-05,0.1172819991999227,0.0,0.0,0.0,0.0,0.91012097787983437,0.00064366163054331181,6.587401979764982e-05,0.0080023490545928205,8.8532983372450458e-05,0.042545554220471633,0.038533050211387837
4.3016366142928195e-05,0.11739015020047697,0.0,0.0,0.0,0.0,0.90827057563554203,0.00064308520604351553,6.6485394881374112e-05,0.0081754206852214552,8.833362454647081e-05,0.043427366955604139,0.039328732498160886
4.3956957728968876e-05,0.11749794574272392,0.0,0.0,0.0,0.0,0.90642946818264891,0.00064251001610963359,6.7090760288660719e-05,0.0083479608891081723,8.8136005302143257e-05,0.04430466860680167,0.040120165539740842
4.4897549315009557e-05,0.11760538883464536,0.0,0.0,0.0,0.0,0.90459756632462018,0.0006419360705757775,6.7690201621758417e-05,0.0085199737691983926,8.7940095790041916e-05,0.045177502684938593,0.040907390853255267
4.583814090105024e-05,0.11771248214288312,0.0,0.0,0.0,0.0,0.90277478209300654,0.0006413633786759163,6.8283802706042325e-05,0.0086914633743014093,8.7745867015468949e-05,0.046045912101799966,0.041690449382494575
4.677873248709092e-05,0.11781922858601376,0.0,0.0,0.0,0.0,0.90096102902196462,0.00064079194905711928,6.8871646048687378e-05,0.0088624336930249164,8.7553290220601261e-05,0.046909939034141195,0.042469381365542791
4.77193240731316e-05,0.11792563075165757,0.0,0.0,0.0,0.0,0.89915622182699184,0.00064022178960714633,6.945381236817982e-05,0.0090328886620207015,8.7362337483481571e-05,0.047769625082548298,0.043244226488980311
4.865991565917228e-05,0.11803169147580282,0.0,0.0,0.0,0.0,0.89736027668997653,0.00063965290782910876,7.0030380075023665e-05,0.0092028321594661202,8.7172982187080838e-05,0.048625011130627539,0.044015023749838462
4.960050724521296e-05,0.11813741328801161,0.0,0.0,0.0,0.0,0.89557311103604442,0.00063908531071555979,7.0601426534397155e-05,0.0093722680109740806,8.6985197831385938e-05,0.04947613745451785,0.044781811563382325
5.054109883125364e-05,0.11824279884975335,0.0,0.0,0.0,0.0,0.89379464344757076,0.00063851900464384915,7.1167027703322592e-05,0.0095411999921295402,8.6798958427343611e-05,0.050323043765476062,0.045544627804049304
5.1481690417294323e-05,0.11834785074859523,0.0,0.0,0.0,0.0,0.89202479380834976,0.0006379539955324846,7.1727257580090462e-05,0.0097096318254252609,8.6614239017522213e-05,0.051165769138763063,0.04630350973533174
5.2422282003335004e-05,0.11845257147774595,0.0,0.0,0.0,0.0,0.89026348318487536,0.0006373902889413106,7.228218866821397e-05,0.0098775671834649414,8.6431015302160255e-05,0.052004352071898755,0.047058494066849324
5.3362873589375685e-05,0.11855696358205332,0.0,0.0,0.0,0.0,0.88851063388270057,0.00063682788995652196,7.2831892431120249e-05,0.010045009688159223,8.6249263116753381e-05,0.052838830456529144,0.047809616927106724
5.4303465175416366e-05,0.1186610294718496,0.0,0.0,0.0,0.0,0.88676616930467789,0.00063626680313758803,7.3376438729961036e-05,0.010211962914477511,8.606895906847556e-05,0.053669241648658272,0.048556913931250278
5.524405676145705e-05,0.11876477161770381,0.0,0.0,0.0,0.0,0.88503001402287451,0.00063570703282492019,7.3915895684861836e-05,0.010378430389023426,8.5890080721481643e-05,0.054495622432950405,0.049300420145920378
5.618464834749773e-05,0.11886819235946837,0.0,0.0,0.0,0.0,0.88330209365527856,0.00063514858297671658,7.4450330570830238e-05,0.010544415593427864,8.5712605716847619e-05,0.055318009083158051,0.050040170148871126
5.712523993353841e-05,0.11897129408599282,0.0,0.0,0.0,0.0,0.88158233499480287,0.00063459145696539651,7.4979809378079683e-05,0.010709921961867647,8.5536512078402945e-05,0.05613643729859568,0.050776197966311713
5.806583151957909e-05,0.11907407913938177,0.0,0.0,0.0,0.0,0.8798706658534029,0.00063403565797811733,7.5504396427562463e-05,0.010874952884834027,8.5361778824759524e-05,0.056950942281074085,0.05150853714745849
5.900642310561977e-05,0.11917654973555956,0.0,0.0,0.0,0.0,0.87816701497470095,0.00063348118898117487,7.6024155116860548e-05,0.011039511711445214,8.5188385255979853e-05,0.05776155877764598,0.052237220806853835
5.994701469166045e-05,0.11927870818793089,0.0,0.0,0.0,0.0,0.87647131214966878,0.000632928052455346,7.6539147656680821e-05,0.011203601747388667,8.5016311062923372e-05,0.058568321023582566,0.052962281568185131
6.0887606277701133e-05,0.11938055670117632,0.0,0.0,0.0,0.0,0.87478348815974671,0.00063237625055339816,7.7049435003132677e-05,0.01136722625646798,8.4845536474636855e-05,0.059371262770361886,0.053683751591392166
6.27687894497825e-05,0.11958333268493455,0.0,0.0,0.0,0.0,0.87143120449963041,0.00063127665797189567,7.8056132461986908e-05,0.011693091547746986,8.4507809221896071e-05,0.060965817482610242,0.05511604587035681
6.464997262186386e-05,0.11978489501310918,0.0,0.0,0.0,0.0,0.86810962938795877,0.00063018242304023367,7.9044713427466433e-05,0.012017132886265557,8.4175053480491452e-05,0.062545483574493424,0.056534351961334162
6.653115579394523e-05,0.11998526026289671,0.0,0.0,0.0,0.0,0.86481824322596323,0.00062909355340261296,8.0015625572070638e-05,0.012339374944016232,8.3847126933422837e-05,0.064110514373400512,0.057938911150711724
6.841233896602659e-05,0.12018444492484442,0.0,0.0,0.0,0.0,0.86155654019378525,0.00062801005364948505,8.096930349114296e-05,0.012659841801247062,8.3523890906821196e-05,0.065661156475625801,0.059329958281294441
7.010540382089981e-05,0.12036271477552114,0.0,0.0,0.0,0.0,0.85864597924757124,0.00062703949566312157,8.1813222208027922e-05,0.012946763617107693,8.3236881989618005e-05,0.067044630586952356,0.060570536948507753
7.179846867577303e-05,0.12054005247955948,0.0,0.0,0.0,0.0,0.85575871255532543,0.0006260732859483055,8.2643813649747392e-05,0.013232283321771643,8.2953474598003018e-05,0.068416815020033384,0.061800518528673458
7.349153353064625e-05,0.12071646909031938,0.0,0.0,0.0,0.0,0.85289439833034408,0.00062511142063735137,8.3461362129686432e-05,0.013516417315628517,8.2673581185606381e-05,0.06977787637870847,0.063020061611366252
7.518459838551947e-05,0.12089197541729561,0.0,0.0,0.0,0.0,0.85005270273861766,0.00062415389440660717,8.4266145089460719e-05,0.013799181657835079,8.2397115657674251e-05,0.071127977381297544,0.064229321067095932
7.687766324039269e-05,0.12106658202706415,0.0,0.0,0.0,0.0,0.84723329961153881,0.00062320070007596472,8.505842983215263e-05,0.014080592077650911,8.2123996772019104e-05,0.072467277003212746,0.065428448180917378
7.857072809526591e-05,0.12124029926076411,0.0,0.0,0.0,0.0,0.84443587019769673,0.00062225182907662527,8.5838477342369788e-05,0.014360663984503853,8.1854144532084617e-05,0.073795930596347606,0.066617590770500834
8.026379295013913e-05,0.12141313723290699,0.0,0.0,0.0,0.0,0.84166010291465276,0.00062130727120628918,8.6606539208596329e-05,0.014639412478029173,8.1587483401447604e-05,0.075114090012306317,0.067796893301195343
8.195685780501235e-05,0.12158510584742618,0.0,0.0,0.0,0.0,0.83890569312990138,0.0006203670152087361,8.7362861376487507e-05,0.014916852357079721,8.1323938795530565e-05,0.076421903707443728,0.068966496990194359
8.364992265988557e-05,0.12175621476870119,0.0,0.0,0.0,0.0,0.83617234336448454,0.00061943104848313367,8.8107680879101922e-05,0.015192998120583187,8.1063440170585046e-05,0.077719516642668379,0.070126539702731083
8.517368102927148e-05,0.12190948563830104,0.0,0.0,0.0,0.0,0.83373009364266359,0.00061859233463905795,8.8768375252755682e-05,0.015440434606530341,8.0831538722774858e-05,0.078878764193595741,0.071162515308595575
8.669743939865738e-05,0.12206207464745672,0.0,0.0,0.0,0.0,0.83130445800504638,0.00061775707346992928,8.942010420341713e-05,0.015686844570377573,8.0602000167731306e-05,0.080029965739952996,0.072190952506782036
8.822119776804328e-05,0.12221398846098012,0.0,0.0,0.0,0.0,0.82889523241067498,0.00061692525353852442,9.0063027317650713e-05,0.015932238015999318,8.0374777631809965e-05,0.081173220698997184,0.073211945815840465
8.974495613742919e-05,0.12236523362384605,0.0,0.0,0.0,0.0,0.82650221674738555,0.00061609686289692774,9.069730038951917e-05,0.016176624776010951,8.0149825425513037e-05,0.082308626569207413,0.074225587918683972
9.126871450681509e-05,0.12251581655911092,0.0,0.0,0.0,0.0,0.82412521470976041,0.00061527188919934081,9.1323075489342336e-05,0.016420014516401998,7.9927099095055765e-05,0.083436278990028895,0.075231969720025063
9.43162312455869e-05,0.12281502088634949,0.0,0.0,0.0,0.0,0.81941848422429153,0.00061363214042396003,9.2549720456910504e-05,0.016903840803992067,7.9488153938368029e-05,0.085668697287816897,0.077223307669080143
9.705899631048152e-05,0.12308210213399416,0.0,0.0,0.0,0.0,0.81523529800065975,0.00061216791833155744,9.3626086813892258e-05,0.017335968369347744,7.9100297480255271e-05,0.087652280308686964,0.078991559018679908
9.952748486888668e-05,0.12332072090031132,0.0,0.0,0.0,0.0,0.81151235014174106,0.00061085940403120275,9.4573132721517523e-05,0.017722242162727695,7.8756858524326815e-05,0.089417215622259572,0.080564002677994351
9.999999999999998e-05,0.12355770301311014,0.0,0.0,0.0,0.0,0.81080417080885347,0.00061060992740364555,9.475212176659975e-05,0.017795900196239379,7.8691712305026156e-05,0.089752897563410372,0.080862977670021485
0.00010199597342729185,0.12355770301311014,0.0,0.0,0.0,0.0,0.80782834272244475,0.00060955962104354262,9.5500213501877558e-05,0.01810605248657237,7.8418591335024113e-05,0.091163305898652527,0.082118820466449791
0.00010446446198569701,0.12379307257058533,0.0,0.0,0.0,0.0,0.80418255254662441,0.00060826850414768413,9.6407864807724375e-05,0.018487435527487012,7.8085344869202459e-05,0.092890903357919094,0.083656346854144886
0.00010693295054410217,0.12402685260770958,0.0,0.0,0.0,0.0,0.80057427698725125,0.00060698598621397376,9.7296602130115094e-05,0.018866426556576294,7.7756974897829422e-05,0.09460035017880121,0.085176906714129239
0.00010940143910250733,0.12425906589435361,0.0,0.0,0.0,0.0,0.79700283327775601,0.00060571199872975709,9.8166921888301817e-05,0.01924305996147849,7.7433343564137618e-05,0.096291978844080223,0.08668081565250306
0.00011186992766091249,0.12448973441183146,0.0,0.0,0.0,0.0,0.79346755766333943,0.0006044464719103344,9.9019302938213857e-05,0.019617369280421848,7.7114318454765481e-05,0.097966112555452303,0.088168380407483121
0.00011433841621931765,0.12471887972091222,0.0,0.0,0.0,0.0,0.78996780474301032,0.00060318933478235891,9.9854206858644671e-05,0.019989387231744489,7.6799772765550369e-05,0.099623065554832094,0.089639899156006425
0.00011680690477772282,0.1249465227046042,0.0,0.0,0.0,0.0,0.78650294664085607,0.00060194051558859561,0.00010067207872576506,0.020359145745569122,7.6489585177492528e-05,0.10126314353004674,0.091095661904036382
0.00011927539333612798,0.12517268387898417,0.0,0.0,0.0,0.0,0.78307237241219163,0.00060069994196633144,0.00010147334841856105,0.020726675990531355,7.6183638974916637e-05,0.10288664390423048,0.092535950763686689
0.00012174388189453314,0.12539738309818393,0.0,0.0,0.0,0.0,0.77967548732340175,0.00059946754060363294,0.00010225843097215663,0.021092008402260987,7.5881822046278163e-05,0.10449385618869135,0.093961040292023817
0.0001242123704529383,0.12562063992666594,0.0,0.0,0.0,0.0,0.77631171239177765,0.00059824323798387147,0.00010302772675282006,0.021455172705882809,7.5584027244706559e-05,0.10608506220677272,0.095371197703585417
0.00012668085901134348,0.12584247325340495,0.0,0.0,0.0,0.0,0.77298048369660899,0.00059702696066580869,0.00010378162325580902,0.021816197942408092,7.529015109982439e-05,0.10766053643054377,0.096766683195417744
0.00012914934756974865,0.12606290175528034,0.0,0.0,0.0,0.0,0.7696812519348879,0.00059581863419131548,0.0001045204950761253,0.022175112490675532,7.5000093828633197e-05,0.10922054619802729,0.098147750153313285
0.00013161783612815383,0.12628194342751217,0.0,0.0,0.0,0.0,0.76641348176871038,0.00059461818416059584,0.00010524470355289162,0.022531944091103928,7.4713760416875383e-05,0.11076535203301964,0.099514645459035711
0.000134086324686559,0.12649961610676963,0.0,0.0,0.0,0.0,0.76317665147790992,0.00059342553742777477,0.00010595459922372795,0.022886719863889619,7.443105872805476e-05,0.112295207812259,0.10086760965056205
0.00013655481324496418,0.12671593695732433,0.0,0.0,0.0,0.0,0.75997025228369686,0.00059224061919693001,0.00010665052140388357,0.023239466334232704,7.4151899527498145e-05,0.11381036109906023,0.10220687724288209
0.00013902330180336935,0.12693092307878223,0.0,0.0,0.0,0.0,0.7567937881300647,0.00059106335481307613,0.00010733279705227189,0.023590209446207197,7.3876198280023472e-05,0.11531105324864999,0.1035326768249325
0.00014149179036177453,0.12714459080592852,0.0,0.0,0.0,0.0,0.7536467750499769,0.00058989367225758616,0.00010800174466214034,0.023938974584206071,7.3603872347356887e-05,0.11679751971624774,0.10484523136030212
0.0001439602789201797,0.1273569565348214,0.0,0.0,0.0,0.0,0.75052874086813393,0.00058873149706619278,0.00010865767204355789,0.024285786590796315,7.3334842018831002e-05,0.11826999020516352,0.10614475832477774
0.00014642876747858488,0.12756803596793806,0.0,0.0,0.0,0.0,0.74743922477500402,0.00058757675548136239,0.00010930087677347266,0.024630669782669,7.3069031107608989e-05,0.11972868887373317,0.1074314699052316
0.00014889725603699005,0.12777784467092804,0.0,0.0,0.0,0.0,0.74437777699130214,0.00058642937568591539,0.00010993164837045223,0.024973647965760477,7.2806365447756279e-05,0.12117383449742608,0.10870557315600722
0.00015136574459539523,0.12798639778384804,0.0,0.0,0.0,0.0,0.74134395832903854,0.00058528928505058937,0.00011055026679611819,0.025314744453480913,7.2546773925000644e-05,0.12260564068600692,0.109967270205702
0.0001538342331538004,0.12819371019705564,0.0,0.0,0.0,0.0,0.73833733991170547,0.00058415641172118694,0.00011115700409600945,0.025653982079285102,7.2290187360727696e-05,0.12402431601855327,0.11121675838727835
