,base.py,chemkin.py,model.py,~,~,~,~,~,~,~,~,~,~
,1260,1659,234,0,0,0,0,0,0,0,0,0,0
,isMoleculeForbidden,markDuplicateReaction,checkForExistingSpecies,<gc.collect>,<method 'copy' of 'rmgpy.molecule.molecule.Molecule' objects>,<method 'generateResonanceIsomers' of 'rmgpy.molecule.molecule.Molecule' objects>,<method 'getLabeledAtoms' of 'rmgpy.molecule.molecule.Molecule' objects>,<method 'getSymmetryNumber' of 'rmgpy.molecule.molecule.Molecule' objects>,<method 'isIsomorphic' of 'rmgpy.molecule.molecule.Molecule' objects>,<method 'isSubgraphIsomorphic' of 'rmgpy.molecule.molecule.Molecule' objects>,<method 'simulate' of 'rmgpy.solver.base.ReactionSystem' objects>,<method 'split' of 'rmgpy.molecule.molecule.Molecule' objects>,<method 'update' of 'rmgpy.molecule.molecule.Molecule' objects>
,,,,,,,,,,,,,
0,0.0,0.0,0.0,0.0,0.0,0.0,0.0,0.0,0.0,0.0,0.0,0.0,0.0
1,244.445592,538.018246,346.170593,0.0,549.368768,2425.618647,0.0,579.601591,828.350082,900.901461,0.0,238.667139,218.364485
2,262.634222,590.696532,363.491503,0.0,590.534707,2556.368122,0.0,637.044859,861.027059,976.87818,0.0,256.776888,233.993045
3,274.702563,624.065018,372.341209,0.0,625.458378,2610.659531,245.153118,707.322023,884.711213,1043.629082,0.0,272.645386,245.024133
4,297.653246,661.194793,413.511265,0.0,686.84786,2968.96196,270.82004,829.76377,986.510577,1163.352674,0.0,301.446117,267.164623
5,342.878087,715.421397,470.666546,0.0,839.677854,3634.288606,320.020857,1053.750409,1143.363134,1391.635169,0.0,366.059435,314.410496
6,343.393498,716.082179,471.157693,0.0,840.832136,3636.906746,320.593703,1057.087616,1145.482657,1394.45003,0.0,366.856105,314.918137
7,378.197993,735.379028,498.439323,0.0,970.510822,4030.972661,357.764606,1229.41221,1230.388384,1563.373158,0.0,419.649875,352.610182
8,427.069816,750.78271,536.094201,0.0,1265.225583,4777.269941,419.075841,1562.255965,1371.03471,1832.221735,0.0,548.642637,414.660408
9,446.498221,761.30448,548.678726,0.0,1370.60127,4859.170998,443.677694,1693.971418,1405.617269,1937.100368,0.0,595.633195,437.573686
10,475.024208,782.707406,567.05536,0.0,1519.237977,4956.099973,477.518612,1875.156494,1452.893171,2091.517981,0.0,652.4493,468.021262
11,477.194621,784.621702,568.91017,0.0,1525.29879,4969.582433,480.08511,1887.014442,1461.51983,2102.836001,0.0,656.77749,470.375321
12,521.88985,795.116184,600.193471,0.0,1804.092816,5672.360764,536.900021,2192.123192,1595.261431,2355.392894,0.0,783.458574,529.079771
13,565.257602,805.1825,634.447288,0.0,2079.991821,6389.87089,593.359843,2503.745776,1728.625678,2602.678259,0.0,912.10661,587.667354
14,610.18162,815.892769,667.867522,0.0,2365.83214,7097.203921,649.878562,2806.894446,1863.306901,2850.419158,0.0,1035.488515,646.137896
15,660.404924,827.127167,700.625789,0.0,2635.286382,7802.230332,706.24412,3110.795592,2000.801689,3098.281847,0.0,1163.587929,704.555324
16,704.493309,837.932249,733.92842,0.0,2922.309217,8504.845376,762.504656,3412.871507,2137.068681,3347.397705,0.0,1286.543896,763.117476
17,748.485126,848.836687,766.233718,0.0,3214.25065,9186.701202,818.843971,3716.116502,2274.032607,3595.420438,0.0,1415.244334,821.673433
18,796.032846,861.743998,800.991014,0.0,3500.927688,9933.339261,879.363896,4034.678721,2417.8971,3864.453456,0.0,1550.0576,884.718036
19,882.672782,885.169985,864.538579,0.0,4071.93979,11284.283973,991.993901,4645.188049,2685.944442,4363.952838,0.0,1800.593007,1001.318609
20,926.339432,895.970454,899.093357,0.0,4342.373326,12006.201245,1048.176454,4960.776536,2820.319911,4611.96905,0.0,1924.950099,1059.932761
21,970.351309,907.164485,930.141591,0.0,4595.108643,12725.536464,1104.620744,5272.932966,2954.930637,4862.826352,0.0,2047.241981,1118.461606
22,1013.299215,919.046963,964.387364,0.0,4850.529116,13456.061276,1160.810889,5593.099402,3089.318804,5110.105114,0.0,2171.234988,1177.139634
23,1058.135807,930.310777,998.345921,0.0,5148.456503,14143.970439,1217.139429,5902.58438,3225.292051,5357.870699,0.0,2295.01232,1235.770696
24,1102.247922,941.052609,1039.258078,0.0,5442.452229,14829.890634,1273.104319,6206.876773,3364.188757,5606.983967,0.0,2418.145559,1294.374789
25,1146.075376,951.937312,1072.405747,0.0,5723.597449,15516.802608,1329.303262,6522.045063,3501.871095,5854.889714,0.0,2549.90535,1352.972089
26,1189.493131,962.998355,1104.651058,0.0,6017.089662,16201.007903,1385.556866,6824.290995,3639.998087,6103.135346,0.0,2672.861111,1411.536407
27,1232.641361,974.250571,1145.618378,0.0,6250.666287,16937.208701,1441.595454,7125.785381,3777.251063,6351.713664,0.0,2795.585205,1470.02168
28,1319.503265,996.426773,1208.539897,0.0,6779.690055,18308.386377,1554.497391,7743.737155,4047.750666,6852.796997,0.0,3059.423617,1587.035389
29,1323.671987,998.527329,1212.080878,0.0,6804.973416,18343.241844,1559.848994,7772.854856,4069.406227,6875.978038,0.0,3071.089195,1592.371839
30,1486.620914,1074.346817,1353.765461,0.0,7793.27269,20673.58731,1763.708218,8946.366981,4858.503106,7762.31882,0.0,3516.37734,1804.286699
31,1503.886716,1094.507304,1367.929504,0.0,7839.522364,20764.458215,1781.558718,9030.8089,4899.919873,7844.327984,0.0,3539.863463,1820.67134
32,1512.565425,1106.510773,1375.174377,0.0,7867.780637,20805.607767,1790.497844,9064.789515,4916.247307,7884.671067,0.0,3551.617244,1828.932709
33,1513.150553,1107.471561,1375.812608,0.0,7869.456913,20810.702073,1791.259122,9069.239722,4918.336114,7888.324559,0.0,3552.749163,1829.611988
34,1513.243823,1107.552241,1376.076454,0.0,7869.972822,20813.456108,1791.455147,9071.019684,4918.361385,7889.309077,0.0,3553.070611,1829.763774
35,1513.333225,1107.632587,1376.33041,0.0,7870.490459,20816.192292,1791.652314,9072.774351,4918.386869,7890.29594,0.0,3553.392616,1829.916361
36,1513.424107,1107.724698,1376.601961,0.0,7871.012283,20818.943675,1791.894382,9075.287356,4918.412987,7891.611261,0.0,3553.715277,1830.070008
37,1513.608017,1107.957723,1377.194083,0.0,7872.084733,20824.572387,1792.486996,9082.350641,4918.467096,7895.016097,0.0,3554.363125,1830.383879
38,1519.347867,1115.783366,1380.128742,0.0,7880.877144,20849.405425,1796.80599,9083.376158,4941.565125,7910.912664,0.0,3560.231446,1834.655753
39,1526.221429,1116.934897,1385.679049,0.0,7931.521018,20963.260979,1806.440909,9147.343345,4985.218195,7954.688857,0.0,3581.575777,1844.456235
40,1533.19125,1118.139619,1391.339211,0.0,7982.05999,21085.735999,1816.11979,9214.109277,5029.098376,7998.536448,0.0,3602.97165,1854.248735
41,1536.57484,1118.877605,1394.513234,0.0,8005.64719,21128.322055,1820.616498,9238.367738,5053.440529,8018.717343,0.0,3612.606866,1858.954095
42,1539.137961,1119.55741,1396.766365,0.0,8026.616441,21157.746365,1823.99868,9257.242252,5070.466912,8033.610051,0.0,3620.250991,1862.482752
43,1541.211144,1119.882053,1398.568042,0.0,8035.599781,21185.462163,1826.811059,9272.527149,5085.783458,8045.802393,0.0,3627.058152,1865.490052
44,1543.281289,1120.211516,1400.319283,0.0,8044.586665,21213.129317,1829.618487,9287.610022,5101.239281,8058.007503,0.0,3633.839068,1868.49789
45,1545.346325,1120.53171,1402.084722,0.0,8053.569751,21240.797729,1832.428805,9302.761444,5116.632351,8070.210215,0.0,3640.631522,1871.504028
46,1547.428801,1120.860491,1403.803362,0.0,8062.557762,21268.387389,1835.233829,9317.759902,5132.053541,8082.413897,0.0,3647.403819,1874.526666
47,1568.399174,1125.726871,1418.990001,0.0,8173.589826,21534.359007,1861.644119,9493.258652,5193.937813,8199.243463,0.0,3704.776471,1901.171731
48,1572.426964,1126.306765,1422.155544,0.0,8190.705234,21596.501814,1867.152459,9527.42331,5215.017838,8223.436943,0.0,3717.537873,1906.92884
49,1580.541537,1127.445338,1428.426563,0.0,8246.959325,21696.25036,1878.170629,9608.935771,5256.130771,8272.680366,0.0,3742.954203,1918.387625
50,1588.552764,1128.577214,1434.972449,0.0,8291.153062,21839.561589,1888.77355,9686.460745,5303.469913,8319.246233,0.0,3767.735176,1929.524064
51,1590.668759,1128.916005,1436.725565,0.0,8300.197829,21866.878689,1891.75058,9704.208725,5318.548655,8332.725576,0.0,3774.47597,1932.54441
52,1598.639148,1130.007809,1443.217061,0.0,8355.750142,21998.285881,1902.293079,9771.707755,5365.66463,8378.937398,0.0,3799.301464,1943.649727
53,1605.661888,1130.857631,1448.931743,0.0,8407.570124,22113.93206,1911.977252,9835.379397,5413.372265,8422.242772,0.0,3820.864474,1953.494316
54,1623.146103,1136.738429,1462.197878,0.0,8490.992956,22272.613089,1933.089016,9957.659667,5474.577388,8519.896905,0.0,3855.855475,1973.073183
55,1665.265026,1143.756095,1479.409421,0.0,8699.115988,22653.836242,1977.773295,10034.054224,5546.868439,8711.871122,0.0,3958.316787,2023.18023
56,1672.125732,1152.313715,1486.64731,0.0,8707.063873,22699.203887,1984.08645,10059.322404,5555.955503,8748.697379,0.0,3962.773813,2027.882212
57,1683.714828,1158.86162,1496.096852,0.0,8726.404451,22761.110826,1995.734269,10105.423044,5579.599007,8804.809324,0.0,3975.258389,2037.959695
58,1700.517132,1173.190002,1510.219818,0.0,8759.618544,22837.615299,2010.520625,10153.767652,5606.606311,8880.796682,0.0,3988.348414,2050.595018
59,1708.9987,1180.020273,1517.196409,0.0,8770.816876,22876.427001,2018.398979,10180.991311,5620.421198,8922.617569,0.0,3995.064524,2057.211021
60,1725.917681,1196.160389,1531.813515,0.0,8805.19986,22953.989589,2033.602677,10230.8404,5648.146921,9000.764238,0.0,4008.581709,2070.358632
61,1744.075961,1210.477877,1546.42861,0.0,8829.884221,23046.50502,2049.974042,10287.967889,5679.221105,9085.300599,0.0,4023.917986,2084.498259
62,1755.677701,1217.782102,1555.540231,0.0,8849.86076,23105.975786,2061.235933,10330.378151,5704.2505,9137.859897,0.0,4037.037503,2094.75982
63,1772.634897,1227.319765,1568.534608,0.0,8895.521104,23207.751343,2078.212452,10401.378079,5749.895986,9216.864355,0.0,4059.388291,2110.918875
64,1774.677478,1228.445341,1570.15123,0.0,8900.094471,23218.026156,2080.440637,10414.771072,5756.40844,9227.140464,0.0,4062.497126,2112.990533
65,1776.381583,1229.452062,1571.615451,0.0,8903.889698,23226.434407,2082.330195,10427.680802,5762.519097,9235.882111,0.0,4065.062455,2114.711951
66,1810.373806,1265.738682,1720.252904,0.0,9067.537089,24968.773572,2122.507862,10503.291984,6397.632496,9397.672222,0.0,4159.393043,2159.077481
67,1850.0488,1310.650977,1834.449435,0.0,9188.234812,26203.553707,2152.565286,10535.385527,6835.871219,9516.977941,0.0,4229.63188,2193.195686
68,1857.119446,1317.305831,1844.260374,0.0,9220.195301,26276.839188,2160.318496,10568.800598,6878.76159,9551.042609,0.0,4243.639243,2201.380475
69,1863.717154,1319.263946,1850.254033,0.0,9249.368175,26342.188924,2167.868301,10610.042031,6903.335016,9585.402982,0.0,4255.107155,2209.004084
70,1869.306827,1320.342929,1854.786014,0.0,9262.950223,26408.229613,2173.870048,10637.014398,6924.705864,9612.132094,0.0,4264.729331,2215.351267
71,1881.208521,1328.229152,1865.818516,0.0,9296.375943,26501.345242,2185.881226,10686.623292,6955.042036,9676.479132,0.0,4278.173774,2226.101325
72,1889.613458,1330.084918,1872.846896,0.0,9317.919301,26607.364452,2195.364357,10731.968313,6999.752148,9720.357412,0.0,4293.659905,2236.201784
73,1895.819289,1331.859065,1877.851508,0.0,9332.162823,26677.064364,2201.826046,10760.489366,7021.872222,9749.818906,0.0,4303.688343,2242.972484
74,1901.339246,1332.916642,1882.217017,0.0,9345.659433,26742.132624,2207.813167,10787.123422,7042.816444,9776.818195,0.0,4313.313668,2249.339921
75,1905.486101,1333.743093,1885.144106,0.0,9355.734056,26780.430358,2212.248323,10807.324424,7056.70895,9797.384759,0.0,4320.401878,2254.050995
76,1905.486101,1333.748215,1885.144106,0.0,9355.734736,26780.430358,2212.249422,10807.324424,7056.709044,9797.393977,0.0,4320.401878,2254.050995
77,1931.051162,1337.660073,1902.648784,0.0,9457.278058,27163.130497,2239.854889,10932.009342,7173.460022,9925.854638,0.0,4363.5624,2283.257796
78,1932.927214,1338.485842,1904.620231,0.0,9460.134315,27181.932984,2241.658241,10939.738871,7178.765779,9935.879163,0.0,4365.281675,2284.994231
79,1932.927214,1338.491399,1904.620231,0.0,9460.135001,27181.932984,2241.659382,10939.738871,7178.765868,9935.888224,0.0,4365.281675,2284.994231
80,1932.927214,1338.496302,1904.620231,0.0,9460.135695,27181.932984,2241.660518,10939.738871,7178.765968,9935.897321,0.0,4365.281675,2284.994231
81,1932.927214,1338.501191,1904.620231,0.0,9460.136442,27181.932984,2241.661715,10939.738871,7178.766093,9935.906728,0.0,4365.281675,2284.994231
82,1932.927214,1338.506012,1904.620231,0.0,9460.137133,27181.932984,2241.662871,10939.738871,7178.76621,9935.915753,0.0,4365.281675,2284.994231
83,1932.927214,1338.510892,1904.620231,0.0,9460.13783,27181.932984,2241.664009,10939.738871,7178.766312,9935.924768,0.0,4365.281675,2284.994231
84,1932.927214,1338.515759,1904.620231,0.0,9460.138523,27181.932984,2241.665151,10939.738871,7178.766412,9935.933709,0.0,4365.281675,2284.994231
85,1932.927214,1338.520601,1904.620231,0.0,9460.144624,27181.932984,2241.66632,10939.738871,7178.766516,9935.942931,0.0,4365.281675,2284.994231
86,1933.139379,1338.545756,1904.657622,0.0,9460.550441,27183.124733,2241.838946,10939.99908,7178.849591,9936.644576,0.0,4365.539584,2285.174705
87,1933.139379,1338.550774,1904.657622,0.0,9460.551109,27183.124733,2241.84018,10939.99908,7178.849694,9936.654071,0.0,4365.539584,2285.174705
88,1933.139379,1338.555663,1904.657622,0.0,9460.5518,27183.124733,2241.841411,10939.99908,7178.849797,9936.663453,0.0,4365.539584,2285.174705
89,1933.139379,1338.560497,1904.657622,0.0,9460.55255,27183.124733,2241.842646,10939.99908,7178.849914,9936.67296,0.0,4365.539584,2285.174705
90,1933.139379,1338.565319,1904.657622,0.0,9460.553205,27183.124733,2241.843852,10939.99908,7178.850035,9936.682156,0.0,4365.539584,2285.174705
91,1933.445541,1338.618034,1904.746306,0.0,9461.224673,27184.682146,2242.103256,10940.102436,7179.151887,9937.698931,0.0,4365.988491,2285.464619
92,1933.445541,1338.627034,1904.746306,0.0,9461.225627,27184.682146,2242.104887,10940.102436,7179.152069,9937.712488,0.0,4365.988491,2285.464619
93,1937.319379,1339.243554,1908.565957,0.0,9471.900343,27241.50049,2246.678719,10968.719036,7205.066692,9958.546663,0.0,4373.866623,2290.312365
94,1941.140676,1339.869896,1912.298861,0.0,9482.568466,27297.86233,2251.187244,10996.525204,7230.970396,9979.142794,0.0,4381.718356,2295.162318
95,1944.982765,1340.499178,1915.945503,0.0,9493.215338,27353.894031,2255.68928,11023.94753,7257.005676,9999.755162,0.0,4389.553578,2300.007085
96,1954.100813,1341.7667,1924.15843,0.0,9537.923802,27509.411447,2267.212556,11096.090299,7321.367323,10051.424725,0.0,4412.839219,2312.326354
97,1959.115659,1342.536783,1928.426801,0.0,9552.168624,27588.119664,2272.895584,11124.995363,7349.375157,10076.798381,0.0,4423.280038,2318.422793
98,1963.045956,1343.34251,1932.051151,0.0,9562.894927,27644.596438,2277.536341,11152.01061,7375.744733,10098.975202,0.0,4431.116674,2323.349515
99,1966.816293,1343.992929,1935.499214,0.0,9573.543108,27699.419546,2282.119533,11179.276471,7401.948579,10120.447285,0.0,4438.909094,2328.194144
100,1970.708528,1344.676607,1938.950414,0.0,9584.214908,27753.899387,2286.702333,11206.388114,7428.006266,10141.946877,0.0,4446.701243,2333.032573
101,1978.440036,1349.848479,1943.398976,0.0,9597.616629,27796.600653,2295.52107,11258.484961,7441.326545,10182.847705,0.0,4455.244838,2339.604487
102,1981.473096,1350.708315,1945.327871,0.0,9608.099458,27807.237365,2299.278834,11278.541344,7451.13188,10199.1119,0.0,4462.997327,2343.306554
103,1984.489635,1351.557533,1947.239859,0.0,9618.585266,27817.825662,2302.984599,11298.945563,7460.939064,10215.055657,0.0,4470.741919,2347.007061
104,1985.814758,1351.986624,1948.360658,0.0,9623.392232,27823.54729,2304.725673,11308.227124,7468.076195,10222.464952,0.0,4474.291905,2348.683556
105,1987.164285,1352.377223,1949.476002,0.0,9628.250434,27829.308141,2306.475855,11317.679879,7475.229063,10229.863277,0.0,4477.872069,2350.369747
106,1988.843541,1352.814733,1950.675105,0.0,9634.342515,27835.191848,2308.702342,11330.688286,7479.886261,10239.39086,0.0,4482.31939,2352.498838
107,1988.843541,1352.819925,1950.675105,0.0,9634.343074,27835.191848,2308.703367,11330.688286,7479.886306,10239.399178,0.0,4482.31939,2352.498838
108,2032.704083,1378.905916,1979.521433,0.0,9829.71886,28325.792049,2353.371336,11445.324143,7561.908937,10423.164739,0.0,4568.078141,2397.986377
109,2038.670175,1380.428146,1985.645958,0.0,9846.2426,28427.509018,2360.53954,11487.720528,7607.70946,10456.239591,0.0,4580.157741,2405.402012
110,2082.478462,1391.040959,2019.649069,0.0,10010.637157,29129.609656,2407.860761,11710.849167,7775.940353,10672.146086,0.0,4655.182623,2456.356936
111,2086.369134,1391.975631,2023.532199,0.0,10021.427942,29187.378003,2412.47642,11739.07319,7801.998294,10694.163858,0.0,4663.076954,2461.257443
112,2090.24403,1392.713159,2027.185478,0.0,10032.230633,29243.791752,2417.025481,11766.912883,7828.30357,10715.056846,0.0,4670.93384,2466.107578
113,2094.147137,1393.37916,2030.727281,0.0,10042.987211,29299.805262,2421.544607,11793.776212,7854.786122,10735.698201,0.0,4678.77332,2470.971405
114,2097.96842,1394.05292,2034.336048,0.0,10053.753451,29355.982168,2426.069486,11820.942788,7881.159806,10756.33274,0.0,4686.617387,2475.827521
115,2101.784444,1394.727863,2037.828912,0.0,10064.532937,29411.889267,2430.583204,11847.604519,7907.637857,10776.987651,0.0,4694.457297,2480.696063
116,2105.732017,1395.415176,2041.314655,0.0,10075.330756,29467.423117,2435.183727,11874.935285,7934.015014,10798.456597,0.0,4702.296249,2485.545185
117,2109.573223,1396.122043,2044.755707,0.0,10086.164796,29522.556269,2439.769177,11902.124212,7960.236143,10819.941239,0.0,4710.124909,2490.394275
118,2144.566506,1408.908911,2077.730689,0.0,10165.332919,29891.801842,2476.994198,12110.351505,8065.1945,11006.963085,0.0,4752.796134,2524.733913
119,2374.645383,1467.200783,2405.433366,0.0,11422.461552,34515.377089,2771.984829,14212.558967,9920.744759,12336.045387,0.0,5320.091631,2827.350945
120,2407.521472,1488.871346,2438.680608,0.0,11483.118231,34911.998536,2806.988929,14435.530438,10063.218281,12505.139141,0.0,5359.951925,2858.84512
121,2458.743703,1509.470031,2487.940263,0.0,11664.578416,35701.850904,2864.709326,14835.969966,10376.918874,12776.802543,0.0,5449.978971,2914.24777
122,2482.399039,1521.617767,2508.191016,0.0,11760.613086,35976.636841,2891.373456,14998.797267,10520.14114,12900.996843,0.0,5493.063938,2939.654765
123,2497.689556,1524.79926,2521.306077,0.0,11800.457965,36270.048436,2908.387366,15096.235501,10615.574295,12977.489749,0.0,5521.866584,2958.176677
124,2512.437064,1527.479033,2533.992117,0.0,11873.819615,36519.944523,2924.846165,15192.262913,10709.613482,13051.862971,0.0,5549.526395,2975.998399
125,2527.203457,1530.133888,2546.542932,0.0,11948.273609,36770.751044,2941.488435,15287.811532,10805.849065,13128.368249,0.0,5577.098032,2993.86294
126,2559.359348,1533.905922,2577.096824,0.0,12110.546695,37616.180533,2981.339394,15622.296599,11113.04307,13308.763094,0.0,5657.413177,3037.099379
127,2604.621106,1539.156824,2637.706762,0.0,12359.197944,38819.591272,3038.153421,16104.24684,11496.872921,13564.323454,0.0,5773.853326,3098.855191
128,2619.490372,1541.999311,2650.04409,0.0,12434.818389,39067.474371,3055.075866,16199.663917,11591.329262,13641.783078,0.0,5801.455136,3116.769876
129,2657.145467,1546.392866,2684.399316,0.0,12619.704557,40068.699589,3101.786497,16598.928979,11929.385564,13853.020426,0.0,5896.535911,3167.204421
130,2681.903547,1548.817287,2707.705398,0.0,12772.731389,40804.412914,3134.480512,16924.216326,12179.591494,13999.428206,0.0,5968.435127,3201.919258
131,2716.875485,1560.176483,2739.564154,0.0,12941.125382,41636.312038,3176.669848,17252.854995,12449.144827,14194.393638,0.0,6049.390371,3245.151093
132,2750.286754,1571.392949,2772.302462,0.0,13125.346455,42389.986315,3218.278053,17634.279571,12718.777415,14384.901936,0.0,6127.19454,3287.076462
133,2782.59382,1583.831517,2801.442081,0.0,13306.906814,43134.947675,3257.241713,17947.362041,12984.419035,14565.910981,0.0,6202.026573,3327.248095
134,2800.712857,1593.869561,2817.9798,0.0,13391.983518,43403.689822,3276.957863,18039.414484,13107.190554,14660.048296,0.0,6234.100793,3346.678413
135,2846.767919,1606.570395,2862.318629,0.0,13673.431293,44627.374702,3336.628429,18644.872945,13513.255786,14934.574034,0.0,6351.90346,3407.667277
136,2866.972069,1617.620208,2879.711058,0.0,13743.585671,44923.539813,3357.848253,18744.227681,13641.171674,15032.49908,0.0,6387.001209,3428.890653
137,2874.714333,1618.615786,2886.562678,0.0,13774.675675,45164.467247,3367.498134,18794.882301,13744.410901,15075.451687,0.0,6409.862902,3439.876227
138,2882.529854,1619.523546,2893.418762,0.0,13826.152393,45383.330843,3377.135583,18846.139994,13848.720203,15118.35808,0.0,6432.688683,3450.863352
139,2937.760638,1628.413546,2944.197708,0.0,14129.221579,46998.023174,3452.358724,19669.686535,14421.466158,15462.063432,0.0,6579.44604,3526.498236
140,2969.067968,1661.497388,2967.072878,0.0,14253.88151,47283.571109,3480.740878,19727.16309,14477.627638,15574.628236,0.0,6620.327538,3554.863546
141,2986.828312,1663.662766,2983.326992,0.0,14366.295348,47818.394491,3504.778125,19958.109742,14695.053552,15683.56054,0.0,6672.846387,3580.610578
142,3033.995025,1669.077277,3025.712622,0.0,14598.78171,49364.64544,3568.625966,20565.814499,15096.731647,15971.614441,0.0,6813.975701,3649.521567
143,3051.414358,1670.842148,3041.811418,0.0,14733.395155,49893.926175,3592.771713,20805.282178,15311.924927,16082.042938,0.0,6865.971222,3675.139365
144,3059.319134,1672.162674,3049.046362,0.0,14785.950328,50111.734064,3603.188716,20872.641034,15414.330044,16131.431823,0.0,6888.884689,3686.18513
145,3072.292401,1673.745814,3059.766621,0.0,14858.716794,50490.446024,3619.753496,20992.910726,15547.631904,16206.874803,0.0,6926.736017,3704.498318
146,3080.768327,1682.920831,3067.76138,0.0,14868.910128,50536.957898,3627.55337,21022.05056,15561.180287,16249.572462,0.0,6932.553206,3710.641231
147,3081.018627,1683.466009,3068.894054,0.0,14869.989077,50551.220888,3628.596296,21035.327129,15561.342878,16258.663417,0.0,6933.104877,3711.039824
148,3081.079191,1683.612637,3069.071122,0.0,14870.190846,50552.470577,3628.772128,21036.592898,15561.362831,16260.075115,0.0,6933.209431,3711.124326
149,3081.249261,1684.039498,3069.885966,0.0,14870.720228,50564.041405,3629.428702,21044.360918,15561.490474,16266.227669,0.0,6933.454594,3711.370962
150,3081.264465,1684.139537,3069.909294,0.0,14870.740856,50564.091317,3629.446309,21044.405777,15561.494944,16266.342299,0.0,6933.464306,3711.381913
151,3081.264465,1684.152502,3069.909294,0.0,14870.7418,50564.091317,3629.447836,21044.405777,15561.495126,16266.355187,0.0,6933.464306,3711.381913
152,3122.49855,1695.829699,3107.550289,0.0,15032.352864,51391.06941,3681.492276,21548.381412,15836.963969,16512.53479,0.0,7017.473262,3761.264165
153,3168.378426,1708.061343,3138.998277,0.0,15207.324353,51820.282086,3734.947586,21833.629978,15928.586152,16774.495544,0.0,7098.980553,3815.625395
154,3176.688715,1711.322605,3144.312689,0.0,15255.808395,51851.444696,3744.867204,21886.737528,15949.910054,16817.408625,0.0,7117.749298,3825.144925
155,3176.725089,1711.416374,3144.376491,0.0,15255.974677,51851.612133,3744.940737,21887.293894,15949.917844,16817.771991,0.0,7117.842816,3825.19285
156,3182.749712,1715.054875,3148.504246,0.0,15266.557092,51873.92308,3750.903869,21913.673872,15959.287615,16845.895722,0.0,7124.727461,3830.416323
157,3202.051346,1719.6073,3168.723882,0.0,15348.214297,52047.779921,3774.046839,22014.806144,15992.590181,16943.95547,0.0,7166.251213,3853.489624
158,3202.113905,1719.719144,3168.864273,0.0,15348.517607,52048.333316,3774.192024,22015.975907,15992.606801,16944.824867,0.0,7166.420147,3853.573099
159,3206.425806,1720.268577,3172.883472,0.0,15374.763241,52137.750091,3781.205918,22089.835901,16037.667863,16975.938015,0.0,7186.680209,3860.51337
160,3210.786687,1720.819948,3176.882619,0.0,15400.967319,52225.756274,3788.193452,22164.321575,16082.734295,17006.779008,0.0,7206.9477,3867.482551
161,3210.786687,1720.833658,3176.882619,0.0,15400.968716,52225.756274,3788.196001,22164.321575,16082.734441,17006.797497,0.0,7206.9477,3867.482551
162,3213.750077,1721.1744,3179.213362,0.0,15418.834854,52270.781563,3792.855409,22195.204916,16104.132089,17027.265439,0.0,7220.465293,3872.168978
163,3223.489125,1722.390151,3186.545376,0.0,15479.875751,52393.50165,3805.648175,22275.971704,16144.399479,17085.006906,0.0,7248.599907,3885.755138
164,3223.489125,1722.408178,3186.545376,0.0,15479.876639,52393.50165,3805.649526,22275.971704,16144.399598,17085.019475,0.0,7248.599907,3885.755138
165,3333.927372,1774.094081,3432.322785,0.0,15977.398852,54569.710521,3950.73273,23076.841977,17008.255297,17693.445074,0.0,7560.232969,4032.156462
166,3363.607266,1789.544197,3460.644562,0.0,16149.884454,54710.256794,3988.506683,23305.860493,17079.299808,17857.914285,0.0,7631.851391,4067.074595
167,3393.562124,1806.952471,3490.35261,0.0,16322.976143,54850.77239,4025.995133,23545.498373,17146.554775,18019.351787,0.0,7703.690447,4101.981554
168,3394.764885,1807.789558,3491.480486,0.0,16327.341605,54855.331277,4027.472577,23551.155423,17150.472477,18025.476686,0.0,7706.784853,4103.448316
169,3394.764885,1807.79746,3491.480486,0.0,16327.34192,54855.331277,4027.472997,23551.155423,17150.472538,18025.480912,0.0,7706.784853,4103.448316
170,3396.900578,1808.209277,3493.484842,0.0,16334.846845,54865.862377,4030.254084,23567.492008,17155.362848,18037.562394,0.0,7711.979045,4106.062521
171,3396.900578,1808.216843,3493.484842,0.0,16334.847179,54865.862377,4030.254516,23567.492008,17155.362933,18037.566636,0.0,7711.979045,4106.062521
172,3397.191182,1808.538073,3494.648534,0.0,16336.931467,54882.026339,4031.109255,23576.503719,17155.468357,18042.517368,0.0,7713.226407,4106.587499
173,3416.910028,1811.901546,3511.37119,0.0,16394.283051,55226.789098,4054.651951,23711.024634,17278.156804,18149.117561,0.0,7779.227957,4131.613991
174,3417.226048,1812.240984,3512.636321,0.0,16396.596419,55244.532188,4055.623284,23722.198838,17278.273714,18154.532079,0.0,7780.605528,4132.19307
175,3417.527682,1812.567582,3513.804745,0.0,16398.763679,55259.86461,4056.487282,23731.44885,17278.380153,18159.533633,0.0,7781.909603,4132.740873
176,3417.83702,1812.90522,3515.034065,0.0,16401.013957,55277.27306,4057.423994,23741.843112,17278.496434,18164.820153,0.0,7783.254129,4133.311415
177,3418.047012,1813.111041,3515.789555,0.0,16402.742437,55288.061805,4057.943294,23747.641228,17278.56098,18167.313538,0.0,7784.323034,4133.705642
178,3418.357629,1813.435369,3516.965324,0.0,16404.922348,55304.829185,4058.838006,23757.130452,17278.676377,18172.452855,0.0,7785.606678,4134.253702
179,3421.052683,1814.891169,3519.236304,0.0,16411.510336,55324.544427,4061.836787,23771.554394,17286.753473,18186.19651,0.0,7789.994727,4137.07747
180,3428.277164,1817.634653,3525.202469,0.0,16427.868272,55366.955342,4070.127351,23823.156066,17309.203664,18225.182674,0.0,7801.340992,4144.761281
181,3431.451394,1819.143643,3528.444122,0.0,16435.768052,55395.662635,4073.856483,23845.912682,17318.731694,18242.467289,0.0,7806.544145,4148.122777
182,3434.800067,1820.335065,3533.494399,0.0,16446.836246,55451.121077,4078.552238,23877.943524,17332.823746,18263.996227,0.0,7814.070525,4152.399273
183,3435.005083,1820.526921,3534.268791,0.0,16448.596703,55463.630808,4079.116814,23884.331188,17332.893685,18266.66423,0.0,7815.138096,4152.798828
184,3445.680415,1829.102219,3545.355223,0.0,16464.788959,55549.517055,4089.747282,23930.132348,17363.850773,18323.997091,0.0,7824.100227,4161.547931
185,3445.873847,1829.215296,3546.055607,0.0,16466.499589,55560.1624,4090.240292,23935.541005,17363.910141,18326.346826,0.0,7825.15791,4161.934808
186,3446.086275,1829.484004,3546.866421,0.0,16468.292668,55572.67211,4090.939689,23944.755263,17363.981785,18329.798902,0.0,7826.225938,4162.337278
187,3446.297774,1829.685029,3547.646083,0.0,16470.072169,55583.430818,4091.608152,23953.57052,17364.048019,18333.195737,3475.637765,7827.304021,4162.743437
188,3446.606439,1830.095018,3548.964576,0.0,16472.329772,55600.557541,4092.807266,23968.832338,17364.174923,18340.143632,3512.736911,7828.616063,4163.313095
189,3446.916358,1830.493907,3550.259961,0.0,16474.594801,55616.253386,4093.975375,23984.209102,17364.295362,18346.967937,3548.71556,7829.947772,4163.885956
190,3447.043738,1830.736783,3550.748184,0.0,16475.150355,55621.467574,4094.41639,23988.88837,17364.352906,18349.980663,3587.225886,7830.250978,4164.079002
191,3462.957838,1833.677,3563.685562,0.0,16582.031035,55776.626762,4116.105866,24181.663536,17459.446751,18446.505594,3624.695844,7873.54752,4184.454044
192,3463.08544,1833.916861,3564.189184,0.0,16582.65246,55782.30638,4116.568658,24186.859739,17459.502241,18449.515302,3662.579213,7873.890295,4184.654449
193,3463.08544,1833.936379,3564.189184,0.0,16582.653059,55782.30638,4116.569825,24186.859739,17459.502344,18449.526421,3701.884395,7873.890295,4184.654449
194,3480.710801,1842.843626,3577.677976,0.0,16644.02659,55922.545197,4135.488421,24286.051943,17505.528601,18534.528746,3741.488286,7899.167436,4202.08923
195,3506.972946,1877.455202,3598.718286,0.0,16718.889086,56188.007282,4159.050291,24334.17389,17552.998432,18627.526835,3781.92185,7932.239341,4225.185889
196,3521.251325,1881.694382,3608.603347,0.0,16764.889263,56336.24267,4176.950837,24491.738431,17629.205154,18707.591111,3825.662623,7965.867171,4242.44197
197,3525.919471,1883.452573,3614.278809,0.0,16784.017944,56394.615147,4184.270729,24562.093174,17656.050306,18741.080748,3866.622169,7980.62022,4248.814781
198,3526.179274,1883.930665,3615.320465,0.0,16785.382465,56404.282675,4185.196751,24573.094715,17656.205138,18746.722902,3908.543337,7981.369567,4249.230874
199,3526.490489,1884.325011,3616.620067,0.0,16787.701264,56419.691515,4186.430002,24591.210266,17656.31379,18753.722831,3951.40363,7982.72686,4249.80218
200,3526.63043,1884.547518,3617.19788,0.0,16788.54663,56426.150964,4186.97307,24597.406196,17656.421205,18756.911609,3996.343812,7983.195544,4250.045262
201,3530.89489,1886.463859,3620.760287,0.0,16798.468232,56450.554598,4191.967456,24627.244012,17668.927824,18780.617226,4042.072698,7989.911555,4254.453924
202,3531.21847,1887.044188,3622.358807,0.0,16800.294832,56466.314302,4193.3473,24653.865543,17669.095175,18790.344006,4085.834859,7990.909539,4254.99336
203,3532.266217,1887.865696,3623.889111,0.0,16803.532451,56478.028304,4195.20333,24678.425675,17674.045331,18800.889775,4129.516124,7993.024088,4256.203295
204,3532.403403,1888.240921,3624.303447,0.0,16803.987541,56480.730215,4195.565305,24681.076979,17674.093423,18803.677109,4174.029213,7993.266491,4256.375353
205,3544.33266,1890.743908,3633.097057,0.0,16866.309005,56592.120034,4210.630099,24809.511778,17740.60557,18872.982946,4221.555513,8020.026777,4270.746676
206,3544.399235,1890.989466,3633.340753,0.0,16866.449867,56594.142113,4210.812143,24810.576853,17740.634494,18874.843483,4267.050236,8020.08966,4270.823354
207,3556.117643,1893.347653,3641.948393,0.0,16903.72762,56728.656354,4225.625471,24940.720236,17806.336494,18941.835879,4360.024048,8046.729361,4285.165319
208,3556.181694,1893.476614,3642.090155,0.0,16904.008009,56729.097352,4225.771249,24942.012357,17806.352542,18942.627703,4413.145123,8046.892868,4285.251525
209,3556.242915,1893.607087,3642.234471,0.0,16904.28834,56729.532925,4225.920455,24943.394699,17806.367757,18943.432357,4459.608158,8047.056376,4285.337921
210,3579.098592,1906.386786,3657.323578,0.0,16947.711175,56849.941538,4248.986725,25048.31541,17857.951078,19049.803033,4508.044404,8076.67902,4306.688388
211,3579.435865,1906.804324,3657.773263,0.0,16948.490226,56854.136296,4249.49657,25051.640456,17858.176698,19052.934328,4554.594964,8077.14892,4307.012907
212,3579.501819,1907.082849,3657.984114,0.0,16948.603945,56855.951587,4249.651971,25052.400172,17858.203673,19054.693758,4603.095333,8077.19671,4307.081663
213,3580.323389,1907.732866,3658.962291,0.0,16950.413187,56863.140509,4250.77978,25058.819221,17860.214926,19061.00217,4652.903671,8078.352572,4307.919525
214,3580.527544,1908.083575,3659.687953,0.0,16951.790116,56869.56148,4251.552656,25068.529947,17860.293721,19065.844154,4701.638028,8079.150353,4308.275588
215,3596.013002,1917.959766,3673.396006,0.0,16979.957801,56965.498278,4267.731102,25141.877165,17897.208497,19141.286519,4748.158426,8098.050377,4322.435318
216,3604.121084,1919.699287,3680.869223,0.0,17001.765866,57060.894052,4277.100419,25200.004227,17929.52665,19184.485848,4824.360079,8114.016037,4332.277867
217,3652.06536,1937.302208,3731.218458,0.0,17139.053318,57812.172955,4322.603803,25412.240938,18175.314159,19395.795049,4874.794212,8170.617554,4378.822342
218,3652.204267,1937.600252,3731.928379,0.0,17139.911002,57819.968592,4323.594282,25430.913922,18175.405588,19403.33625,4923.992602,8171.064695,4379.089557
219,3652.338538,1937.881879,3732.605957,0.0,17140.739775,57826.840156,4324.558222,25450.451423,18175.487332,19410.667276,4973.457622,8171.4991,4379.348673
220,3654.053251,1938.461252,3734.22525,0.0,17145.033567,57844.78106,4326.679293,25461.872199,18183.790031,19422.35274,5025.787157,8174.38811,4381.451416
221,3654.256397,1938.902182,3735.015459,0.0,17145.917833,57851.486904,4327.830504,25478.607737,18183.903172,19432.856618,5074.982111,8174.81945,4381.784148
222,3654.342985,1939.168808,3735.414454,0.0,17146.221914,57855.06044,4328.364229,25484.423396,18183.95848,19438.552246,5167.49778,8174.948214,4381.924161
223,3654.652699,1939.239187,3735.511035,0.0,17146.858121,57856.587539,4328.621588,25484.532488,18184.220518,19439.577058,5221.901912,8175.367295,4382.223477
224,3658.85727,1940.793777,3740.424323,0.0,17158.407316,57945.991614,4335.491238,25568.000925,18217.214229,19484.302495,5272.115547,8183.19088,4387.598958
225,3665.061126,1941.965644,3747.302117,0.0,17174.727473,58078.257586,4344.615041,25691.648118,18255.326046,19538.848667,5342.301385,8194.29814,4395.72464
226,3665.296692,1942.385809,3748.451866,0.0,17176.626017,58092.40982,4346.259289,25728.396952,18255.511105,19548.977062,5395.368143,8195.354965,4396.183513
227,3671.066175,1943.670728,3754.55439,0.0,17192.026135,58191.170087,4354.413278,25820.033559,18275.830684,19592.570685,5455.264308,8205.749015,4403.60955
228,3671.180246,1943.897238,3755.033867,0.0,17192.603041,58195.956584,4354.840395,25825.163061,18275.879111,19595.395378,5507.974989,8206.073373,4403.797907
229,3675.105576,1948.258744,3757.524772,0.0,17198.892068,58214.660521,4359.403684,25846.790431,18281.023305,19617.900594,5561.625267,8209.84975,4406.96136
230,3677.379521,1949.237477,3759.190237,0.0,17206.172849,58223.787587,4362.090933,25858.087531,18290.428288,19629.132474,5615.452273,8215.017549,4409.572067
231,3679.150227,1949.946164,3760.437615,0.0,17212.333951,58230.349958,4364.237736,25867.319529,18298.08595,19638.082667,5684.16026,8219.436784,4411.68714
232,3679.150227,1949.954454,3760.437615,0.0,17212.334422,58230.349958,4364.238692,25867.319529,18298.085993,19638.090621,5740.400083,8219.436784,4411.68714
233,3682.006077,1951.407954,3763.297692,0.0,17218.93304,58247.995812,4367.647553,25887.347171,18304.827913,19653.828404,5796.023353,8223.920003,4414.621611
234,3682.042403,1951.523799,3763.361154,0.0,17219.005976,58248.199171,4367.701508,25887.569043,18304.836228,19654.160825,5849.77536,8223.957477,4414.653621
235,3683.198878,1952.0433,3764.334449,0.0,17222.649265,58253.509657,4369.120561,25894.458577,18311.118781,19660.133036,5907.094573,8226.564598,4415.995972
236,3683.272998,1952.186239,3764.437605,0.0,17222.894472,58253.825093,4369.235985,25894.959234,18311.132647,19660.766901,5961.056232,8226.705748,4416.080047
237,3692.6291,1955.878703,3772.367603,0.0,17246.843076,58317.842563,4380.028779,25957.357226,18360.839829,19709.953443,6015.967577,8244.097189,4426.344356
238,3695.066281,1956.618173,3774.695322,0.0,17255.197152,58343.329013,4383.171665,25978.58182,18385.743039,19723.908864,6073.310591,8250.091303,4429.418325
239,3695.066281,1956.626474,3774.695322,0.0,17255.197358,58343.329013,4383.172007,25978.58182,18385.743076,19723.912655,6130.442112,8250.091303,4429.418325
240,3696.947628,1957.999331,3776.507547,0.0,17258.427908,58354.620383,4385.101175,25988.283054,18389.73336,19733.419508,6199.472158,8252.146054,4431.082468
241,3697.047142,1958.405749,3776.869002,0.0,17258.626586,58357.167881,4385.380792,25989.727257,18389.779116,19736.587447,6258.624211,8252.221732,4431.193804
242,3701.017404,1962.662479,3779.687467,0.0,17265.180898,58377.759473,4390.27081,26014.402998,18394.884998,19762.327392,6315.968821,8256.074576,4434.447582
243,3702.797778,1963.386369,3780.941854,0.0,17271.406569,58384.36317,4392.428406,26023.346649,18402.53791,19771.357613,6395.05308,8260.484513,4436.56313
244,3704.080985,1963.901246,3782.035905,0.0,17276.076597,58390.136359,4394.08941,26032.017236,18409.69836,19778.358835,6489.984226,8263.827936,4438.169031
245,3704.59933,1964.108284,3782.205591,0.0,17277.702945,58390.942031,4394.600587,26032.553609,18410.200669,19780.438085,6550.901858,8264.923478,4438.698456
246,3706.932658,1965.29999,3784.214658,0.0,17282.305743,58403.04824,4397.12886,26045.906305,18415.280404,19792.607908,6610.384654,8267.943459,4440.936299
247,3706.963189,1965.416693,3784.270621,0.0,17282.381466,58403.217004,4397.17728,26046.108845,18415.287945,19792.913231,6668.625021,8267.975707,4440.964146
248,3708.618733,1966.232558,3786.050448,0.0,17287.499954,58413.838126,4399.330163,26058.353176,18422.798411,19801.963791,6728.77706,8271.621058,4442.869667
249,3708.693166,1966.377128,3786.153331,0.0,17287.745401,58414.15379,4399.444551,26058.833839,18422.813069,19802.592497,6788.666404,8271.761014,4442.953038
250,3714.462925,1969.182755,3790.718443,0.0,17299.907729,58445.978077,4405.721836,26092.015076,18441.710162,19832.249223,6849.657391,8279.910509,4448.732095
251,3715.98033,1969.91382,3792.833781,0.0,17305.217601,58460.41671,4407.910758,26107.001557,18447.76682,19841.83535,6907.100216,8283.728947,4450.596078
252,3720.6198,1971.024074,3796.63863,0.0,17320.640911,58505.348275,4413.649978,26143.298766,18497.850593,19866.602242,6964.139667,8295.15415,4456.415989
253,3720.690109,1971.302094,3796.893785,0.0,17320.783021,58507.296096,4413.842214,26144.319807,18497.883051,19868.734294,7025.020445,8295.207116,4456.493838
254,3724.674494,1975.469731,3799.344389,0.0,17327.083228,58526.072091,4418.470428,26165.803524,18502.91509,19891.535647,7085.948026,8298.929261,4459.643387
255,3726.472661,1976.176981,3800.578377,0.0,17333.219637,58532.621804,4420.62765,26174.818474,18510.537254,19900.527032,7147.425989,8303.286817,4461.74861
256,3728.336124,1976.914,3801.831035,0.0,17339.544439,58539.24332,4422.821343,26184.025436,18518.231279,19909.661989,7207.335063,8307.729605,4463.896008
257,3728.336124,1976.922446,3801.831035,0.0,17339.544913,58539.24332,4422.822347,26184.025436,18518.231331,19909.669999,7270.478535,8307.729605,4463.896008
258,3730.717043,1978.12951,3803.811458,0.0,17344.149795,58551.36736,4425.356532,26197.316142,18523.306609,19921.868946,7333.062049,8310.733737,4466.141025
259,3730.748549,1978.226526,3803.867959,3814.053228,17344.214741,58551.549873,4425.404154,26197.517514,18523.314395,19922.167091,7395.191455,8310.765449,4466.168924
260,3730.779568,1978.334849,3803.92036,3834.701997,17344.280429,58551.716251,4425.449647,26197.694616,18523.321931,19922.44624,7458.483649,8310.797292,4466.196738
261,3730.779568,1978.342003,3803.92036,3855.345213,17344.280905,58551.716251,4425.450573,26197.694616,18523.321976,19922.454136,7524.142466,8310.797292,4466.196738
262,3738.026709,1981.420856,3810.399518,3876.027547,17361.859153,58596.710022,4433.745067,26243.43694,18550.206631,19960.448838,7591.273349,8323.238382,4473.893994
263,3740.916585,1982.552721,3812.877842,3900.871094,17370.916133,58623.239201,4437.22287,26264.513001,18575.691166,19975.757319,7696.102399,8329.655368,4477.297027
264,3743.37918,1983.299801,3815.211866,3924.075712,17379.320558,58648.90203,4440.373379,26285.397892,18600.736406,19989.736654,7805.615688,8335.628487,4480.373706
265,3743.432761,1983.515035,3815.434416,3947.126702,17379.500978,58650.152139,4440.631902,26288.3614,18600.760311,19992.53254,7875.27274,8335.7129,4480.454918
266,3747.531717,1987.889513,3818.451554,3967.887602,17386.536232,58672.081932,4445.548844,26312.77125,18606.129933,20016.638362,7941.175835,8339.898343,4483.804054
267,3749.345733,1988.620699,3819.689428,3989.962267,17392.752101,58678.65889,4447.714245,26321.811731,18613.728808,20025.68149,8040.642835,8344.311942,4485.920263
268,3751.139486,1989.347606,3820.928332,4012.202563,17398.923877,58685.132856,4449.86248,26330.998687,18621.347175,20034.632884,8109.957683,8348.706917,4488.026151
269,3751.139486,1989.356111,3820.928332,4034.425706,17398.924355,58685.132856,4449.863423,26330.998687,18621.347222,20034.640814,8179.031571,8348.706917,4488.026151
270,3753.507275,1990.578643,3822.931547,4055.275021,17403.543773,58697.228367,4452.398252,26344.431918,18626.310554,20046.773325,8248.768577,8351.738615,4490.270285
271,3754.143335,1990.969464,3823.836888,4077.13521,17405.6651,58703.020407,4453.356596,26351.013348,18628.091945,20050.804894,8316.53254,8353.229443,4491.001095
272,3756.595203,1991.817231,3826.230774,4098.440785,17414.099803,58728.77203,4456.614405,26372.591932,18652.932788,20065.309908,8383.005494,8359.260498,4494.104699
273,3756.629604,1991.928446,3826.290432,4121.573825,17414.174168,58728.986407,4456.664869,26372.793661,18652.940854,20065.625193,8512.303002,8359.297638,4494.136353
274,3765.598676,1995.393232,3834.106927,4142.460504,17437.423725,58791.698256,4467.171155,26436.094918,18702.397033,20113.926177,8583.514003,8376.168943,4504.085959
275,3766.731014,1995.998326,3835.112714,4169.364096,17440.883583,58796.948987,4468.564089,26442.812098,18708.340068,20119.906124,8650.912219,8378.666933,4505.391005
276,3766.731014,1996.006403,3835.112714,4191.206698,17440.883788,58796.948987,4468.564411,26442.812098,18708.340105,20119.909943,8723.990549,8378.666933,4505.391005
277,3776.041324,2004.12533,3839.928825,4212.132566,17454.931573,58837.731111,4477.720591,26481.818488,18721.67757,20161.869383,8794.945876,8387.130675,4512.530711
278,3796.646953,2038.2334,3857.03943,4235.729509,17515.81076,58978.966496,4494.735924,26516.394287,18755.945421,20228.00496,8870.330179,8408.623018,4528.15466
279,3796.721406,2038.59127,3857.303195,4258.177895,17515.96772,58981.113638,4494.940785,26517.644885,18755.97763,20230.048393,8946.241866,8408.69223,4528.240388
280,3796.805345,2038.73666,3857.499663,4279.347745,17516.594513,58981.831132,4495.148361,26519.542537,18755.994577,20231.039921,9026.689624,8409.06897,4528.382396
281,3796.869343,2038.967156,3857.714241,4300.542478,17516.721427,58983.585301,4495.314414,26520.443292,18756.020849,20232.75126,9098.806291,8409.123862,4528.454317
282,3796.936565,2039.176086,3857.942166,4321.752704,17516.868284,58985.507101,4495.493308,26521.507009,18756.048888,20234.534248,9174.031923,8409.188342,4528.532622
283,3796.954159,2039.288486,3857.966472,4342.974617,17516.880073,58985.587811,4495.510934,26521.533104,18756.053546,20234.64409,9246.012903,8409.193049,4528.541061
284,3798.529714,2040.603574,3859.621037,4364.106104,17519.404916,58996.457328,4497.17345,26529.754899,18759.43595,20243.41071,9319.00413,8410.721684,4529.880269
285,3798.764556,2041.129785,3860.742869,4385.781165,17520.731273,59011.511601,4498.528799,26568.616749,18759.576629,20254.511069,9395.921696,8411.406674,4530.296087
286,3799.951814,2042.465862,3862.255676,4407.272066,17522.390765,59021.811242,4499.695754,26573.554382,18761.983171,20260.959944,9492.818909,8412.344639,4531.218762
287,3799.982276,2042.606527,3862.34745,4428.765085,17522.445066,59022.272536,4499.771311,26573.792889,18761.99514,20261.970451,9570.026986,8412.359918,4531.24814
288,3804.671501,2050.901825,3867.186323,4449.960584,17528.581287,59057.159866,4504.943081,26598.041693,18768.888722,20289.170843,9652.755474,8415.680489,4534.50716
289,3804.725247,2051.051448,3867.296839,4472.329451,17528.757851,59057.488038,4505.053981,26598.778728,18768.905839,20289.81227,9729.868928,8415.768787,4534.566897
290,3804.775139,2051.187765,3867.398944,4493.639324,17528.931761,59057.777983,4505.158768,26599.478103,18768.920902,20290.411889,9808.266799,8415.854058,4534.624315
291,3804.789172,2051.28788,3867.422292,4514.952568,17528.947334,59057.827941,4505.176724,26599.525056,18768.924719,20290.580263,9883.987306,8415.860031,4534.63338
292,3804.842551,2051.427491,3867.537475,4536.243669,17529.1278,59058.160993,4505.280384,26600.180426,18768.938484,20291.17243,9963.429892,8415.949128,4534.692719
293,3804.930497,2051.736419,3867.73874,4557.540933,17529.446506,59058.765037,4505.479569,26601.739101,18768.962446,20292.353248,10040.639894,8416.127818,4534.797395
294,3805.041333,2051.985731,3867.975346,4578.848732,17530.100443,59059.593209,4505.733869,26603.884483,18768.987334,20293.678452,10120.169857,8416.517455,4534.956881
295,3805.128277,2052.114327,3868.191921,4600.210484,17530.746998,59060.396827,4505.962556,26605.999559,18769.008666,20294.74686,10197.158507,8416.901698,4535.102654
296,3805.217155,2052.381181,3868.561618,4621.541409,17531.047455,59063.651043,4506.287861,26608.779023,18769.052098,20297.892231,10276.38753,8417.04801,4535.227064
297,3806.353395,2053.484081,3869.560723,4642.991811,17532.767607,59069.848043,4507.350542,26612.737239,18773.522335,20303.338674,10357.853738,8418.103311,4536.160907
298,3816.906747,2070.490459,3878.901364,4664.6417,17547.947554,59147.200642,4516.507231,26642.337931,18785.751759,20341.879134,10435.366731,8426.495851,4543.436272
299,3817.058926,2070.911003,3879.351554,4689.054053,17548.722679,59149.915155,4516.921166,26645.834452,18785.800536,20344.784426,10517.196454,8426.95104,4543.65993
300,3817.120748,2071.188178,3879.550222,4710.528501,17548.845395,59151.508289,4517.070719,26646.580501,18785.825715,20346.429827,10601.960265,8426.996587,4543.725248
301,3817.251674,2071.312787,3880.000535,4731.972933,17549.446672,59157.466875,4517.340211,26648.804182,18785.866459,20347.811695,10684.734983,8427.370717,4543.926172
302,3819.23709,2073.125052,3883.11981,4753.510535,17553.756835,59191.485821,4520.503487,26690.066104,18789.701318,20367.996058,10766.110493,8429.891667,4545.885228
303,3825.352445,2081.987653,3887.758612,4775.915623,17561.532923,59227.33899,4526.676793,26716.118959,18798.735513,20398.045285,10847.599251,8434.279952,4550.184409
304,3825.409332,2082.146016,3887.880695,4798.844902,17561.741665,59227.726275,4526.807003,26717.068479,18798.75436,20398.753467,10929.223892,8434.392529,4550.254294
305,3825.466837,2082.309397,3887.995056,4820.419259,17561.955671,59228.050429,4526.926916,26717.92549,18798.770093,20399.40203,11014.90521,8434.501593,4550.321833
306,3825.483414,2082.412749,3888.02318,4842.030127,17561.991512,59228.098343,4526.95138,26718.001707,18798.774414,20399.594701,11101.81086,8434.511397,4550.334238
307,3825.534571,2082.55879,3888.150228,4863.575641,17562.186979,59228.4365,4527.06249,26718.790217,18798.787925,20400.203365,11191.675315,8434.610472,4550.394963
308,3825.565425,2082.713482,3888.208549,4885.166146,17562.244152,59228.580232,4527.112092,26718.981889,18798.79651,20400.60346,11278.693586,8434.630296,4550.418798
309,3825.676819,2082.973116,3888.451984,4906.745732,17562.913796,59229.405655,4527.373672,26721.17543,18798.821738,20401.965034,11397.166585,8435.024835,4550.581969
310,3825.818327,2083.192789,3889.020251,4928.354897,17563.766158,59236.173034,4527.907389,26727.220923,18798.87437,20405.141768,11557.979226,8435.503399,4550.823804
311,3825.818327,2083.201598,3889.020251,4950.077094,17563.766526,59236.173034,4527.908122,26727.220923,18798.874425,20405.148183,11687.706448,8435.503399,4550.823804
312,3843.450406,2095.596856,3904.714838,4971.657345,17597.442805,59344.815232,4546.670216,26812.345252,18847.513802,20491.229984,11777.391159,8458.43578,4567.292489
313,3856.971528,2121.360581,3916.12036,4995.18112,17616.85144,59441.228943,4557.789807,26839.505969,18864.871276,20535.911737,11905.992996,8470.060379,4576.938578
314,3857.206664,2122.061579,3916.612429,5021.114666,17617.434633,59445.228928,4558.30256,26843.073111,18864.985865,20539.486043,12001.706757,8470.364078,4577.185052
315,3857.340162,2122.365421,3917.119998,5043.064147,17618.088655,59450.991489,4558.763637,26848.548183,18865.045417,20542.507097,12093.5207,8470.732062,4577.39778
316,3857.395348,2122.479361,3917.222383,5065.006676,17618.286647,59451.379168,4558.863768,26849.18957,18865.057459,20543.03807,12182.705429,8470.846326,4577.464606
317,3862.87462,2131.6811,3921.927534,5086.846523,17625.089335,59486.547984,4564.537215,26873.611816,18873.048796,20571.897237,12270.889007,8474.611939,4581.282694
318,3862.928787,2131.843983,3922.044831,5109.999399,17625.282686,59486.893138,4564.65743,26874.445343,18873.066172,20572.572489,12362.878768,8474.711982,4581.347777
319,3862.982718,2131.997898,3922.152339,5131.937113,17625.467134,59487.207811,4564.770793,26875.237311,18873.081754,20573.20324,12451.640447,8474.808791,4581.410375
320,3863.012632,2132.105024,3922.177233,5153.881703,17625.486211,59487.249769,4564.791907,26875.299269,18873.08579,20573.383631,12542.45504,8474.816511,4581.421036
321,3863.093424,2132.400155,3922.343228,5175.810287,17625.713742,59487.729376,4564.942169,26876.153547,18873.107532,20574.319761,12634.936233,8474.932154,4581.504736
322,3863.121756,2132.557448,3922.395478,5197.756009,17625.767587,59487.849344,4564.985061,26876.301237,18873.115402,20574.676351,12726.848509,8474.948064,4581.525305
323,3863.143458,2132.666663,3922.435819,5219.714219,17625.827443,59487.919298,4565.025381,26876.47935,18873.120768,20574.953891,12817.075089,8474.969541,4581.545654
324,3863.502635,2133.012956,3924.450571,5241.652412,17629.036071,59533.991392,4566.873053,26916.5633,18873.379262,20585.194065,12907.275363,8476.897502,4582.289753
325,3864.422527,2133.915668,3925.350693,5264.302522,17630.698707,59539.675908,4567.818716,26920.247168,18878.180585,20589.623345,12996.620926,8477.972085,4583.141753
326,3876.973441,2155.848146,3937.472357,5286.641919,17650.620599,59666.956582,4579.721346,26988.173613,18893.137089,20641.852917,13093.059446,8489.673692,4592.323687
327,3881.748777,2161.452723,3939.88525,5313.057328,17658.831692,59686.863743,4584.740493,27009.785052,18899.824179,20664.699984,13199.310424,8494.811811,4596.276921
328,3886.676137,2163.24988,3943.313057,5336.875323,17676.972678,59707.530971,4591.092281,27047.995877,18917.424568,20692.426266,13295.650025,8508.171215,4602.466781
329,3891.784132,2165.055244,3946.748123,5363.019489,17695.160661,59728.358472,4597.443943,27087.305872,18935.274765,20720.076018,13401.376211,8521.570577,4608.689204
330,3891.784132,2165.065237,3946.748123,5389.14153,17695.161201,59728.358472,4597.44502,27087.305872,18935.274797,20720.084819,13503.328116,8521.570577,4608.689204
331,3895.026933,2166.840146,3949.696009,5411.330282,17703.2053,59746.464097,4601.248639,27110.412111,18942.904697,20737.472615,13601.644483,8527.081994,4612.085213
332,3895.984883,2167.372901,3950.49658,5435.309657,17706.927876,59750.057754,4602.538627,27117.00323,18946.616891,20742.975336,13696.86695,8529.743893,4613.289628
333,3896.283371,2167.652256,3950.603,5458.363402,17707.486628,59750.454073,4602.792271,27117.315982,18946.807185,20743.942356,13797.03063,8530.090739,4613.522948
334,3896.283371,2167.66181,3950.603,5480.712516,17707.487154,59750.454073,4602.79341,27117.315982,18946.807252,20743.951317,13960.630501,8530.090739,4613.522948
335,3898.970997,2168.665478,3953.09968,5502.988029,17717.189293,59778.209207,4606.28558,27139.70796,18974.005173,20759.396361,14064.0253,8537.180609,4616.96115
336,3911.106457,2173.602542,3962.881329,5527.798278,17780.771887,59856.084729,4620.620821,27218.31075,19032.440299,20822.782648,14164.677369,8562.425487,4630.798547
337,3911.106457,2173.612629,3962.881329,5551.575939,17780.772151,59856.084729,4620.621245,27218.31075,19032.440339,20822.787142,14328.558401,8562.425487,4630.798547
338,3911.693683,2174.349996,3963.407089,5573.884046,17782.575014,59858.330767,4621.381302,27222.477032,19032.91432,20826.038027,14428.944535,8563.580322,4631.401411
339,3918.642563,2184.121211,3968.206499,5596.469998,17792.527358,59895.987359,4628.454141,27253.932247,19043.03972,20860.297126,14528.750368,8569.274155,4636.550287
340,3918.70031,2184.294235,3968.336367,5620.552379,17792.768941,59896.369298,4628.586504,27254.984128,19043.057962,20861.033712,14630.958024,8569.39983,4636.624702
341,3918.757232,2184.449145,3968.454724,5642.990792,17793.001261,59896.716493,4628.708245,27255.940215,19043.074161,20861.705044,14731.672729,8569.521889,4636.697122
342,3918.772768,2184.563347,3968.482567,5665.405288,17793.038873,59896.761285,4628.730944,27256.022274,19043.078127,20861.883435,14831.190994,8569.532473,4636.709537
343,3918.832545,2184.723575,3968.615268,5687.824976,17793.274794,59897.166726,4628.857017,27256.952096,19043.093912,20862.570166,14933.575909,8569.659631,4636.783832
344,3918.864747,2184.898061,3968.679012,5710.245319,17793.345488,59897.322561,4628.910932,27257.183106,19043.102874,20862.992393,15036.650375,8569.683959,4636.810613
345,3918.896292,2185.051606,3968.741119,5732.67739,17793.414675,59897.468934,4628.962122,27257.393625,19043.111414,20863.384825,15139.665926,8569.708175,4636.837074
346,3918.896292,2185.068786,3968.741119,5755.113123,17793.416,59897.468934,4628.964942,27257.393625,19043.111503,20863.405905,15243.994735,8569.708175,4636.837074
347,3918.896292,2185.077512,3968.741119,5777.518639,17793.4164,59897.468934,4628.965737,27257.393625,19043.111554,20863.412653,15350.599138,8569.708175,4636.837074
348,3919.925476,2185.985822,3969.696503,5799.965793,17795.484879,59903.403913,4630.051818,27261.957748,19048.785068,20868.400057,15455.054998,8571.061988,4637.830127
349,3935.370731,2215.443537,3982.207843,5822.843375,17818.382205,60009.233994,4643.081546,27293.67651,19069.569326,20921.04382,15558.48912,8585.044649,4649.102868
350,3936.680037,2217.362693,3983.766576,5850.348094,17820.273358,60019.741736,4644.423433,27299.873301,19072.295327,20928.500947,15664.745191,8586.157942,4650.159027
351,3944.27222,2229.676387,3988.353738,5873.257183,17830.919138,60057.940316,4651.553133,27327.855074,19083.702378,20960.900603,15779.117951,8592.417469,4655.832106
352,3944.332955,2229.88837,3988.489848,5897.792764,17831.180632,60058.35814,4651.694796,27329.044643,19083.721467,20961.670899,15885.363786,8592.555681,4655.910994
353,3944.390461,2230.04426,3988.613878,5920.510806,17831.438018,60058.728299,4651.825027,27330.11961,19083.73835,20962.376737,15992.807241,8592.691962,4655.988236
354,3944.409347,2230.157198,3988.647242,5943.14956,17831.485194,60058.785628,4651.854364,27330.234823,19083.743166,20962.594864,16099.751021,8592.707004,4656.004303
355,3944.444503,2230.314144,3988.716229,5965.818364,17831.549024,60058.973372,4651.912648,27330.498069,19083.752731,20963.027745,16205.950686,8592.73638,4656.034359
356,3944.505796,2230.50054,3988.858392,5988.446474,17831.809975,60059.409657,4652.045328,27331.54343,19083.769117,20963.745751,16312.029566,8592.875973,4656.112875
357,3944.539109,2230.67042,3988.925232,6011.133098,17831.891165,60059.568124,4652.10299,27331.805342,19083.778156,20964.168007,16421.15265,8592.9052,4656.142609
358,3944.539109,2230.679458,3988.925232,6033.792508,17831.891573,60059.568124,4652.103853,27331.805342,19083.778218,20964.175222,16533.077319,8592.9052,4656.142609
359,3944.746816,2231.125909,3990.070158,6056.462917,17833.179554,60069.898311,4653.042364,27354.416317,19083.894822,20970.924746,16642.576864,8593.621256,4656.502612
360,3945.795299,2232.064101,3991.04634,6079.35159,17835.461779,60076.004748,4654.197339,27359.459225,19090.051787,20976.211746,16752.911441,8595.1443,4657.579244
361,3963.027102,2265.842987,4004.658187,6102.589325,17861.47425,60192.56594,4668.599645,27392.745802,19114.96034,21034.157228,16865.758523,8611.504148,4670.342064
362,3964.109613,2267.127135,4006.210187,6131.095975,17864.88505,60203.491955,4670.502022,27418.15607,19120.179379,21044.806186,16979.449171,8613.769381,4671.618538
363,3964.399089,2267.800322,4006.898796,6154.685844,17865.829618,60210.268401,4671.472232,27432.707417,19120.348045,21052.335193,17095.749349,8614.271039,4671.965547
364,3964.399089,2267.810507,4006.898796,6177.646757,17865.829825,60210.268401,4671.472559,27432.707417,19120.348094,21052.338956,17215.725861,8614.271039,4671.965547
365,3969.226288,2273.031146,4009.312919,6200.472726,17874.313136,60230.242235,4677.020248,27458.170747,19127.13378,21078.739936,17342.151872,8619.475608,4676.004287
366,3974.461535,2274.910723,4012.810589,6224.979052,17892.668941,60251.173689,4683.526173,27496.027048,19144.918999,21106.99135,17453.872603,8632.998252,4682.352544
367,3979.509879,2276.578873,4016.273762,6251.809229,17910.75126,60271.908018,4689.874903,27534.999688,19162.984376,21134.632606,17574.122409,8646.3565,4688.560831
368,3979.509879,2276.589616,4016.273762,6278.608723,17910.751792,60271.908018,4689.875945,27534.999688,19162.984417,21134.641425,17683.708673,8646.3565,4688.560831
369,3982.800939,2278.461091,4019.190946,6301.513706,17918.800975,60289.99509,4693.707541,27558.003374,19170.535063,21152.217602,17795.977634,8651.869499,4691.972785
370,3983.933552,2279.27443,4020.062243,6326.207099,17922.820734,60293.84523,4695.133813,27564.613254,19174.351993,21158.216908,17911.433048,8654.753038,4693.327159
371,3983.933552,2279.28491,4020.062243,6350.081435,17922.821271,60293.84523,4695.134939,27564.613254,19174.352057,21158.225703,18025.613126,8654.753038,4693.327159
372,3983.933552,2279.294491,4020.062243,6373.063324,17922.821821,60293.84523,4695.136084,27564.613254,19174.352114,21158.234557,18138.322308,8654.753038,4693.327159
373,3986.600852,2280.35583,4022.547327,6396.066965,17932.531538,60321.527349,4698.690351,27588.14432,19201.443323,21173.983874,18250.865764,8661.828413,4696.762267
374,3996.831655,2284.83832,4030.785459,6421.527746,17959.91864,60387.731989,4710.439479,27660.582458,19256.168691,21227.335549,18362.703876,8682.111487,4708.071096
375,3999.198007,2285.920777,4031.659764,6451.315056,17967.2059,60399.028078,4712.790168,27664.074476,19259.976425,21237.094075,18473.504747,8687.068031,4710.646025
376,3999.342859,2286.220445,4032.009612,6475.803449,17968.157503,60400.25646,4713.152689,27667.507748,19260.009763,21238.832389,18589.300933,8687.629795,4710.87375
377,4001.401093,2287.987188,4034.101015,6498.863715,17972.500701,60412.436605,4715.526224,27681.245789,19264.31251,21250.476513,18710.570968,8690.38892,4712.846628
378,4001.440247,2288.142571,4034.176739,6522.799871,17972.585994,60412.646986,4715.594767,27681.596068,19264.322962,21250.950124,18829.114797,8690.429163,4712.883315
379,4006.284895,2293.456862,4036.582983,6545.859648,17981.036056,60432.639589,4721.063882,27706.250455,19271.059654,21276.733257,18959.63104,8695.62913,4716.909495
380,4011.369177,2295.150844,4040.047524,6570.643745,17999.142288,60453.348215,4727.415368,27743.653718,19288.82136,21304.447472,19077.098005,8708.965259,4723.137245
381,4016.460756,2296.83099,4043.489297,6597.765382,18017.264023,60474.083595,4733.795162,27782.783071,19306.743715,21332.53431,19284.726514,8722.30179,4729.351578
382,4016.460756,2296.841388,4043.489297,6624.775455,18017.264578,60474.083595,4733.796199,27782.783071,19306.74376,21332.543074,19409.232928,8722.30179,4729.351578
383,4019.665919,2298.727894,4046.409253,6647.932058,18025.293183,60492.259877,4737.566229,27805.030538,19314.446191,21349.711089,19533.837975,8727.780403,4732.744789
384,4020.627381,2299.316943,4047.208378,6672.903766,18028.979629,60495.831183,4738.827704,27811.355613,19318.195557,21355.08241,19656.189133,8730.424543,4733.938515
385,4020.667149,2299.443215,4047.276423,6696.984137,18029.078224,60496.060314,4738.89181,27811.643745,19318.2049,21355.455523,19781.17399,8730.475096,4733.977469
386,4020.877736,2299.658299,4047.357658,6720.170921,18029.494191,60496.359122,4739.075806,27811.94151,19318.345335,21356.171705,19910.026594,8730.729402,4734.145763
387,4030.778583,2303.996996,4055.606193,6743.438317,18056.896278,60563.054293,4750.888843,27885.377181,19373.201735,21410.062589,20032.267833,8750.941826,4745.442751
388,4033.370802,2304.983553,4058.031481,6773.611029,18066.534057,60590.553877,4754.344742,27909.140649,19400.371468,21425.415334,20152.491289,8757.974326,4748.849235
389,4036.580191,2307.010741,4059.224145,6799.443479,18075.442863,60603.798691,4757.452989,27913.8468,19405.128095,21438.156016,20278.490867,8764.070085,4752.157984
390,4039.169866,2313.295688,4061.746994,6824.659874,18079.139844,60621.598397,4760.455561,27928.408386,19407.685709,21454.870079,20405.752289,8766.081096,4753.990845
391,4044.025918,2318.75547,4064.149491,6848.564282,18087.487946,60641.620595,4765.406176,27948.871474,19414.204722,21476.007018,20547.539324,8771.257846,4758.007841
392,4049.226785,2320.490234,4067.589786,6873.668598,18105.600076,60662.429123,4771.764133,27986.000485,19432.401917,21503.739251,20678.173566,8784.580834,4764.205764
393,4054.453423,2322.370397,4071.063423,6900.97736,18124.048403,60683.526772,4778.231822,28024.904467,19451.10991,21532.020759,20805.734705,8798.142752,4770.569414
394,4054.453423,2322.381114,4071.063423,6928.303056,18124.048946,60683.526772,4778.23288,28024.904467,19451.109952,21532.02952,20929.990188,8798.142752,4770.569414
395,4057.834695,2324.499981,4074.03833,6951.732994,18132.441939,60701.891103,4782.217386,28047.824463,19458.98699,21550.296047,21055.141465,8803.844977,4774.137237
396,4058.804811,2325.078123,4074.832808,6977.069645,18136.143465,60705.497929,4783.474911,28054.089482,19462.75021,21555.693055,21181.639646,8806.497009,4775.341822
397,4058.804811,2325.088671,4074.832808,7001.387631,18136.143995,60705.497929,4783.475964,28054.089482,19462.750266,21555.701743,21311.524456,8806.497009,4775.341822
398,4058.844715,2325.228192,4074.900388,7024.82605,18136.238873,60705.721034,4783.539342,28054.373924,19462.759837,21556.07463,21434.221318,8806.547302,4775.380821
399,4069.33691,2330.030729,4083.338946,7048.270573,18164.409918,60773.357316,4795.716338,28127.12293,19518.171337,21611.32198,21595.514731,8827.280081,4787.067836
400,4071.990387,2330.988149,4085.76094,7078.622776,18174.018883,60800.773479,4799.180598,28151.298191,19545.546131,21626.716008,21731.584847,8834.286912,4790.475653
401,4071.990387,2330.998975,4085.76094,7104.661135,18174.019126,60800.773479,4799.181004,28151.298191,19545.546181,21626.720488,21858.530294,8834.286912,4790.475653
402,4077.751224,2342.698475,4090.624306,7128.255114,18181.629171,60836.729699,4804.98127,28175.502382,19553.7218,21656.009252,21985.827333,8838.544468,4794.571195
403,4086.320469,2355.88304,4095.997568,7153.08684,18194.233645,60881.749162,4812.238982,28199.529091,19562.565647,21685.476435,22115.821356,8845.748642,4800.591955
404,4086.40924,2356.035561,4096.205993,7179.097614,18194.93608,60882.522447,4812.456081,28201.639736,19562.58486,21686.528852,22248.643985,8846.18441,4800.747982
405,4094.491374,2368.148349,4100.782732,7202.799167,18205.997433,60920.84451,4820.196939,28232.683242,19573.872186,21723.142598,22390.475482,8852.656879,4806.651441
406,4111.926972,2409.306841,4114.461113,7228.516362,18231.438016,61037.490957,4833.215135,28246.40708,19598.251988,21771.731656,22525.464959,8868.754944,4819.306202
407,4116.852212,2416.132323,4116.891121,7258.073598,18239.837494,61057.605798,4838.107113,28265.622965,19604.301327,21792.337077,22683.248065,8874.004592,4823.356185
408,4121.773438,2418.221153,4120.351078,7283.580768,18257.909488,61078.32508,4844.450575,28302.748724,19622.334499,21820.059311,22879.215114,8887.307604,4829.547586
409,4124.281212,2419.518096,4121.852011,7311.24064,18267.262733,61086.402888,4847.516359,28315.566636,19631.175684,21833.286607,23018.576923,8893.903544,4832.596587
410,4126.785155,2420.085977,4123.847555,7337.147674,18276.71946,61100.169019,4850.927179,28341.898901,19640.556149,21848.307308,23155.040667,8900.725156,4835.833888
411,4129.965798,2422.090447,4126.754986,7363.297072,18284.755301,61118.313348,4854.69704,28363.976916,19648.34025,21865.540883,23293.425627,8906.187861,4839.227892
412,4130.912174,2422.702856,4127.552757,7389.107959,18288.442558,61121.914222,4855.959409,28370.252496,19652.121606,21870.950757,23430.870368,8908.840655,4840.42413
413,4130.950859,2422.839174,4127.61966,7413.914636,18288.541765,61122.145275,4856.024165,28370.538329,19652.131639,21871.325473,23578.195013,8908.890851,4840.463095
414,4131.15921,2423.069501,4127.700688,7437.890127,18288.949817,61122.444099,4856.207664,28370.832775,19652.276471,21872.041093,23716.088125,8909.142809,4840.630077
415,4141.095049,2427.752388,4135.952422,7461.934182,18316.380517,61189.003786,4868.017971,28443.608735,19707.266796,21926.004911,23860.759784,8929.262296,4851.926457
416,4144.179186,2429.284049,4138.516145,7492.669377,18326.787258,61217.642262,4871.811048,28467.131393,19735.221584,21942.677808,24002.708243,8936.837317,4855.720056
417,4144.179186,2429.295553,4138.516145,7519.449753,18326.787509,61217.642262,4871.811475,28467.131393,19735.22163,21942.68226,24142.325569,8936.837317,4855.720056
418,4150.687078,2441.955992,4143.162869,7543.55711,18335.030322,61253.945834,4878.141765,28491.583829,19744.256202,21973.586187,24281.006324,8941.490951,4860.334025
419,4165.208706,2475.319805,4154.752291,7569.097526,18355.482762,61350.376784,4889.780853,28521.815722,19762.192533,22020.061643,24423.622789,8953.654675,4870.345695
420,4172.735674,2490.987999,4159.549139,7597.464906,18365.699886,61388.393973,4896.556904,28547.602486,19772.267883,22050.102352,24565.880321,8959.650677,4875.753362
421,4188.779214,2532.478824,4172.009247,7623.433637,18388.367795,61494.863318,4908.646268,28562.437594,19793.177908,22096.719937,24707.888807,8973.523608,4887.120812
422,4188.832778,2532.646168,4172.112597,7652.715973,18388.566888,61495.247236,4908.747821,28563.10623,19793.190134,22097.267516,24855.989904,8973.637519,4887.187379
423,4188.832778,2532.646168,4172.112597,7652.715973,18388.566888,61495.247236,4908.747821,28563.10623,19793.190134,22097.267516,24907.447432,8973.637519,4887.187379
